/*Batch Class Inserts*/
INSERT INTO batch_class(id, creation_date, last_modified, batch_class_description, batch_class_name, priority, process_name, unc_folder, batch_class_version, curr_user, last_modified_by) VALUES (1, now(), now(), 'Recostar Mail Room', 'RecostarMailRoom', 1, 'invoice', 'C:\\ephesoft-data\\public-unc-folder', '1.0.0.0', null, null);
INSERT INTO batch_class(id, creation_date, last_modified, batch_class_description, batch_class_name, priority, process_name, unc_folder, batch_class_version, curr_user, last_modified_by) VALUES (2, now(), now(), 'Tesseract Mail Room', 'TesseractMailRoom', 1, 'invoice', 'C:\\ephesoft-data\\another-monitored-folder', '1.0.0.0', null, null);
INSERT INTO batch_class(id, creation_date, last_modified, batch_class_description, batch_class_name, priority, process_name, unc_folder, batch_class_version, curr_user, last_modified_by) VALUES (3, now(), now(), 'Searchable PDF Generator', 'SearchablePDFGenerator', 1, 'invoice', 'C:\\ephesoft-data\\searchablepdf-unc-folder', '1.0.0.0', null, null);
INSERT INTO batch_class(id, creation_date, last_modified, batch_class_description, batch_class_name, priority, process_name, unc_folder, batch_class_version, curr_user, last_modified_by) VALUES (4, now(), now(), 'Loan Document Process', 'LoanDocumentProcess', 1, 'invoice', 'C:\\ephesoft-data\\loandocument-unc-folder', '1.0.0.0', null, null);

/*Batch Class Modules*/
INSERT INTO batch_class_module(id,creation_date,last_modified,order_number,workflow_name,batch_class_id,module_id) VALUES (1,now(),now(),11,'Recostar_Page_Process_Module',1,1);
INSERT INTO batch_class_module(id,creation_date,last_modified,order_number,workflow_name,batch_class_id,module_id) VALUES (2,now(),now(),1,'Folder_Import_Module',1,2);
INSERT INTO batch_class_module(id,creation_date,last_modified,order_number,workflow_name,batch_class_id,module_id) VALUES (3,now(),now(),21,'Document_Assembler_Module',1,3);
INSERT INTO batch_class_module(id,creation_date,last_modified,order_number,workflow_name,batch_class_id,module_id) VALUES (4,now(),now(),41,'Recostar_Extraction_Module',1,4);
INSERT INTO batch_class_module(id,creation_date,last_modified,order_number,workflow_name,batch_class_id,module_id) VALUES (5,now(),now(),31,'Review_Document_Module',1,5);
INSERT INTO batch_class_module(id,creation_date,last_modified,order_number,workflow_name,batch_class_id,module_id) VALUES (6,now(),now(),61,'Validate_Document_Module',1,6);
INSERT INTO batch_class_module(id,creation_date,last_modified,order_number,workflow_name,batch_class_id,module_id) VALUES (8,now(),now(),71,'Export_Module',1,8);
INSERT INTO batch_class_module(id,creation_date,last_modified,order_number,workflow_name,batch_class_id,module_id) VALUES (9,now(),now(),11,'Tesseract_Page_Process_Module',2,1);
INSERT INTO batch_class_module(id,creation_date,last_modified,order_number,workflow_name,batch_class_id,module_id) VALUES (10,now(),now(),1,'Folder_Import_Module',2,2);
INSERT INTO batch_class_module(id,creation_date,last_modified,order_number,workflow_name,batch_class_id,module_id) VALUES (11,now(),now(),21,'Document_Assembler_Module',2,3);
INSERT INTO batch_class_module(id,creation_date,last_modified,order_number,workflow_name,batch_class_id,module_id) VALUES (12,now(),now(),41,'Tesseract_Extraction_Module',2,4);
INSERT INTO batch_class_module(id,creation_date,last_modified,order_number,workflow_name,batch_class_id,module_id) VALUES (13,now(),now(),31,'Review_Document_Module',2,5);
INSERT INTO batch_class_module(id,creation_date,last_modified,order_number,workflow_name,batch_class_id,module_id) VALUES (14,now(),now(),61,'Validate_Document_Module',2,6);
INSERT INTO batch_class_module(id,creation_date,last_modified,order_number,workflow_name,batch_class_id,module_id) VALUES (15,now(),now(),71,'Export_Module',2,8);
INSERT INTO batch_class_module(id,creation_date,last_modified,order_number,workflow_name,batch_class_id,module_id) VALUES (16,now(),now(),1,'Folder_Import_Module',3,2);
INSERT INTO batch_class_module(id,creation_date,last_modified,order_number,workflow_name,batch_class_id,module_id) VALUES (17,now(),now(),11,'Page_Process_Module_BC3',3,1);
INSERT INTO batch_class_module(id,creation_date,last_modified,order_number,workflow_name,batch_class_id,module_id) VALUES (18,now(),now(),21,'Document_Assembler_Module',3,3);
INSERT INTO batch_class_module(id,creation_date,last_modified,order_number,workflow_name,batch_class_id,module_id) VALUES (19,now(),now(),31,'Export_Module_BC3',3,8);
INSERT INTO batch_class_module(id,creation_date,last_modified,order_number,workflow_name,batch_class_id,module_id) VALUES (20,now(),now(),51,'Automated_Validation_Module',1,9);
INSERT INTO batch_class_module(id,creation_date,last_modified,order_number,workflow_name,batch_class_id,module_id) VALUES (21,now(),now(),51,'Automated_Validation_Module',2,9);
INSERT INTO batch_class_module(id,creation_date,last_modified,order_number,workflow_name,batch_class_id,module_id) VALUES (22,now(),now(),1,'Folder_Import_Module',4,2);
INSERT INTO batch_class_module(id,creation_date,last_modified,order_number,workflow_name,batch_class_id,module_id) VALUES (23,now(),now(),11,'Page_Process_Module_BC4',4,1);
INSERT INTO batch_class_module(id,creation_date,last_modified,order_number,workflow_name,batch_class_id,module_id) VALUES (24,now(),now(),21,'Document_Assembler_Module',4,3);
INSERT INTO batch_class_module(id,creation_date,last_modified,order_number,workflow_name,batch_class_id,module_id) VALUES (25,now(),now(),31,'Export_Module_BC4',4,8);
INSERT INTO batch_class_module(id,creation_date,last_modified,order_number,workflow_name,batch_class_id,module_id) VALUES (26,now(),now(),22,'Review_Document_Module',4,5);

/*Batch Class Plugins*/
INSERT INTO batch_class_plugin(id,creation_date,last_modified,order_number,batch_class_module_id,plugin_id) VALUES (1,now(),now(),71,1,2);
INSERT INTO batch_class_plugin(id,creation_date,last_modified,order_number,batch_class_module_id,plugin_id) VALUES (3,now(),now(),11,3,4);
INSERT INTO batch_class_plugin(id,creation_date,last_modified,order_number,batch_class_module_id,plugin_id) VALUES (8,now(),now(),81,1,9);
INSERT INTO batch_class_plugin(id,creation_date,last_modified,order_number,batch_class_module_id,plugin_id) VALUES (10,now(),now(),51,1,12);
INSERT INTO batch_class_plugin(id,creation_date,last_modified,order_number,batch_class_module_id,plugin_id) VALUES (12,now(),now(),71,9,2);
INSERT INTO batch_class_plugin(id,creation_date,last_modified,order_number,batch_class_module_id,plugin_id) VALUES (14,now(),now(),11,11,4);
INSERT INTO batch_class_plugin(id,creation_date,last_modified,order_number,batch_class_module_id,plugin_id) VALUES (19,now(),now(),81,9,9);
INSERT INTO batch_class_plugin(id,creation_date,last_modified,order_number,batch_class_module_id,plugin_id) VALUES (20,now(),now(),51,9,16);
INSERT INTO batch_class_plugin(id,creation_date,last_modified,order_number,batch_class_module_id,plugin_id) VALUES (22,now(),now(),31,4,17);
INSERT INTO batch_class_plugin(id,creation_date,last_modified,order_number,batch_class_module_id,plugin_id) VALUES (23,now(),now(),21,12,17);
INSERT INTO batch_class_plugin(id,creation_date,last_modified,order_number,batch_class_module_id,plugin_id) VALUES (24,now(),now(),41,8,18);
INSERT INTO batch_class_plugin(id,creation_date,last_modified,order_number,batch_class_module_id,plugin_id) VALUES (25,now(),now(),41,15,18);
INSERT INTO batch_class_plugin(id,creation_date,last_modified,order_number,batch_class_module_id,plugin_id) VALUES (29,now(),now(),11,17,12);
INSERT INTO batch_class_plugin(id,creation_date,last_modified,order_number,batch_class_module_id,plugin_id) VALUES (30,now(),now(),11,18,4);
INSERT INTO batch_class_plugin(id,creation_date,last_modified,order_number,batch_class_module_id,plugin_id) VALUES (32,now(),now(),31,19,3);
INSERT INTO batch_class_plugin(id,creation_date,last_modified,order_number,batch_class_module_id,plugin_id) VALUES (33,now(),now(),51,8,20);
INSERT INTO batch_class_plugin(id,creation_date,last_modified,order_number,batch_class_module_id,plugin_id) VALUES (34,now(),now(),51,15,20);
INSERT INTO batch_class_plugin(id,creation_date,last_modified,order_number,batch_class_module_id,plugin_id) VALUES (35,now(),now(),11,1,28);
INSERT INTO batch_class_plugin(id,creation_date,last_modified,order_number,batch_class_module_id,plugin_id) VALUES (36,now(),now(),21,1,27);
INSERT INTO batch_class_plugin(id,creation_date,last_modified,order_number,batch_class_module_id,plugin_id) VALUES (37,now(),now(),31,1,29);
INSERT INTO batch_class_plugin(id,creation_date,last_modified,order_number,batch_class_module_id,plugin_id) VALUES (38,now(),now(),41,1,26);
INSERT INTO batch_class_plugin(id,creation_date,last_modified,order_number,batch_class_module_id,plugin_id) VALUES (39,now(),now(),61,1,25);
INSERT INTO batch_class_plugin(id,creation_date,last_modified,order_number,batch_class_module_id,plugin_id) VALUES (40,now(),now(),91,1,19);
INSERT INTO batch_class_plugin(id,creation_date,last_modified,order_number,batch_class_module_id,plugin_id) VALUES (41,now(),now(),11,2,33);
INSERT INTO batch_class_plugin(id,creation_date,last_modified,order_number,batch_class_module_id,plugin_id) VALUES (42,now(),now(),21,2,31);
INSERT INTO batch_class_plugin(id,creation_date,last_modified,order_number,batch_class_module_id,plugin_id) VALUES (43,now(),now(),11,4,21);
INSERT INTO batch_class_plugin(id,creation_date,last_modified,order_number,batch_class_module_id,plugin_id) VALUES (44,now(),now(),21,4,13);
INSERT INTO batch_class_plugin(id,creation_date,last_modified,order_number,batch_class_module_id,plugin_id) VALUES (45,now(),now(),41,4,6);
INSERT INTO batch_class_plugin(id,creation_date,last_modified,order_number,batch_class_module_id,plugin_id) VALUES (46,now(),now(),51,4,36);
INSERT INTO batch_class_plugin(id,creation_date,last_modified,order_number,batch_class_module_id,plugin_id) VALUES (47,now(),now(),11,5,34);
INSERT INTO batch_class_plugin(id,creation_date,last_modified,order_number,batch_class_module_id,plugin_id) VALUES (48,now(),now(),11,6,37);
INSERT INTO batch_class_plugin(id,creation_date,last_modified,order_number,batch_class_module_id,plugin_id) VALUES (49,now(),now(),11,8,30);
INSERT INTO batch_class_plugin(id,creation_date,last_modified,order_number,batch_class_module_id,plugin_id) VALUES (50,now(),now(),21,8,23);
INSERT INTO batch_class_plugin(id,creation_date,last_modified,order_number,batch_class_module_id,plugin_id) VALUES (51,now(),now(),31,8,24);
INSERT INTO batch_class_plugin(id,creation_date,last_modified,order_number,batch_class_module_id,plugin_id) VALUES (52,now(),now(),61,8,3);
INSERT INTO batch_class_plugin(id,creation_date,last_modified,order_number,batch_class_module_id,plugin_id) VALUES (53,now(),now(),11,9,28);
INSERT INTO batch_class_plugin(id,creation_date,last_modified,order_number,batch_class_module_id,plugin_id) VALUES (54,now(),now(),21,9,27);
INSERT INTO batch_class_plugin(id,creation_date,last_modified,order_number,batch_class_module_id,plugin_id) VALUES (55,now(),now(),31,9,29);
INSERT INTO batch_class_plugin(id,creation_date,last_modified,order_number,batch_class_module_id,plugin_id) VALUES (56,now(),now(),41,9,26);
INSERT INTO batch_class_plugin(id,creation_date,last_modified,order_number,batch_class_module_id,plugin_id) VALUES (57,now(),now(),61,9,25);
INSERT INTO batch_class_plugin(id,creation_date,last_modified,order_number,batch_class_module_id,plugin_id) VALUES (58,now(),now(),91,9,19);
INSERT INTO batch_class_plugin(id,creation_date,last_modified,order_number,batch_class_module_id,plugin_id) VALUES (59,now(),now(),11,10,33);
INSERT INTO batch_class_plugin(id,creation_date,last_modified,order_number,batch_class_module_id,plugin_id) VALUES (60,now(),now(),21,10,31);
INSERT INTO batch_class_plugin(id,creation_date,last_modified,order_number,batch_class_module_id,plugin_id) VALUES (61,now(),now(),11,12,13);
INSERT INTO batch_class_plugin(id,creation_date,last_modified,order_number,batch_class_module_id,plugin_id) VALUES (62,now(),now(),31,12,6);
INSERT INTO batch_class_plugin(id,creation_date,last_modified,order_number,batch_class_module_id,plugin_id) VALUES (63,now(),now(),41,12,36);
INSERT INTO batch_class_plugin(id,creation_date,last_modified,order_number,batch_class_module_id,plugin_id) VALUES (64,now(),now(),11,13,34);
INSERT INTO batch_class_plugin(id,creation_date,last_modified,order_number,batch_class_module_id,plugin_id) VALUES (65,now(),now(),11,14,37);
INSERT INTO batch_class_plugin(id,creation_date,last_modified,order_number,batch_class_module_id,plugin_id) VALUES (66,now(),now(),11,15,30);
INSERT INTO batch_class_plugin(id,creation_date,last_modified,order_number,batch_class_module_id,plugin_id) VALUES (67,now(),now(),21,15,23);
INSERT INTO batch_class_plugin(id,creation_date,last_modified,order_number,batch_class_module_id,plugin_id) VALUES (68,now(),now(),31,15,24);
INSERT INTO batch_class_plugin(id,creation_date,last_modified,order_number,batch_class_module_id,plugin_id) VALUES (69,now(),now(),61,15,3);
INSERT INTO batch_class_plugin(id,creation_date,last_modified,order_number,batch_class_module_id,plugin_id) VALUES (70,now(),now(),11,16,33);
INSERT INTO batch_class_plugin(id,creation_date,last_modified,order_number,batch_class_module_id,plugin_id) VALUES (71,now(),now(),21,16,31);
INSERT INTO batch_class_plugin(id,creation_date,last_modified,order_number,batch_class_module_id,plugin_id) VALUES (72,now(),now(),11,19,30);
INSERT INTO batch_class_plugin(id,creation_date,last_modified,order_number,batch_class_module_id,plugin_id) VALUES (73,now(),now(),21,19,23);
INSERT INTO batch_class_plugin(id,creation_date,last_modified,order_number,batch_class_module_id,plugin_id) VALUES (74,now(),now(),11,20,22);
INSERT INTO batch_class_plugin(id,creation_date,last_modified,order_number,batch_class_module_id,plugin_id) VALUES (75,now(),now(),21,20,6);
INSERT INTO batch_class_plugin(id,creation_date,last_modified,order_number,batch_class_module_id,plugin_id) VALUES (76,now(),now(),11,21,22);
INSERT INTO batch_class_plugin(id,creation_date,last_modified,order_number,batch_class_module_id,plugin_id) VALUES (77,now(),now(),21,21,6);
INSERT INTO batch_class_plugin(id,creation_date,last_modified,order_number,batch_class_module_id,plugin_id) VALUES (78,now(),now(),1,22,33);
INSERT INTO batch_class_plugin(id,creation_date,last_modified,order_number,batch_class_module_id,plugin_id) VALUES (79,now(),now(),11,22,31);
INSERT INTO batch_class_plugin(id,creation_date,last_modified,order_number,batch_class_module_id,plugin_id) VALUES (80,now(),now(),21,23,12);
INSERT INTO batch_class_plugin(id,creation_date,last_modified,order_number,batch_class_module_id,plugin_id) VALUES (81,now(),now(),31,23,9);
INSERT INTO batch_class_plugin(id,creation_date,last_modified,order_number,batch_class_module_id,plugin_id) VALUES (82,now(),now(),1,24,4);
INSERT INTO batch_class_plugin(id,creation_date,last_modified,order_number,batch_class_module_id,plugin_id) VALUES (83,now(),now(),1,25,6);
INSERT INTO batch_class_plugin(id,creation_date,last_modified,order_number,batch_class_module_id,plugin_id) VALUES (84,now(),now(),11,25,30);
INSERT INTO batch_class_plugin(id,creation_date,last_modified,order_number,batch_class_module_id,plugin_id) VALUES (85,now(),now(),21,25,23);
INSERT INTO batch_class_plugin(id,creation_date,last_modified,order_number,batch_class_module_id,plugin_id) VALUES (86,now(),now(),31,25,20);
INSERT INTO batch_class_plugin(id,creation_date,last_modified,order_number,batch_class_module_id,plugin_id) VALUES (87,now(),now(),41,25,3);
INSERT INTO batch_class_plugin(id,creation_date,last_modified,order_number,batch_class_module_id,plugin_id) VALUES (88,now(),now(),1,23,27);
INSERT INTO batch_class_plugin(id,creation_date,last_modified,order_number,batch_class_module_id,plugin_id) VALUES (89,now(),now(),11,23,29);
INSERT INTO batch_class_plugin(id,creation_date,last_modified,order_number,batch_class_module_id,plugin_id) VALUES (90,now(),now(),5,4,39);
INSERT INTO batch_class_plugin(id,creation_date,last_modified,order_number,batch_class_module_id,plugin_id) VALUES (91,now(),now(),5,12,39);
INSERT INTO batch_class_plugin(id,creation_date,last_modified,order_number,batch_class_module_id,plugin_id) VALUES (92,now(),now(),1,23,27);
INSERT INTO batch_class_plugin(id,creation_date,last_modified,order_number,batch_class_module_id,plugin_id) VALUES (93,now(),now(),11,23,29);
INSERT INTO batch_class_plugin(id,creation_date,last_modified,order_number,batch_class_module_id,plugin_id) VALUES (94,now(),now(),101,1,6);
INSERT INTO batch_class_plugin(id,creation_date,last_modified,order_number,batch_class_module_id,plugin_id) VALUES (95,now(),now(),101,9,6);
INSERT INTO batch_class_plugin(id,creation_date,last_modified,order_number,batch_class_module_id,plugin_id) VALUES (96,now(),now(),21,17,6);
INSERT INTO batch_class_plugin(id,creation_date,last_modified,order_number,batch_class_module_id,plugin_id) VALUES (97,now(),now(),41,23,6);
INSERT INTO batch_class_plugin(id,creation_date,last_modified,order_number,batch_class_module_id,plugin_id) VALUES (98,now(),now(),21,3,6);
INSERT INTO batch_class_plugin(id,creation_date,last_modified,order_number,batch_class_module_id,plugin_id) VALUES (99,now(),now(),21,11,6);
INSERT INTO batch_class_plugin(id,creation_date,last_modified,order_number,batch_class_module_id,plugin_id) VALUES (100,now(),now(),21,18,6);
INSERT INTO batch_class_plugin(id,creation_date,last_modified,order_number,batch_class_module_id,plugin_id) VALUES (101,now(),now(),21,24,6);
INSERT INTO batch_class_plugin(id,creation_date,last_modified,order_number,batch_class_module_id,plugin_id) VALUES (102,now(),now(),5,8,6);
INSERT INTO batch_class_plugin(id,creation_date,last_modified,order_number,batch_class_module_id,plugin_id) VALUES (103,now(),now(),5,15,6);
INSERT INTO batch_class_plugin(id,creation_date,last_modified,order_number,batch_class_module_id,plugin_id) VALUES (104,now(),now(),5,19,6);

/*Batch Class Plugin Configs*/

INSERT INTO batch_class_plugin_config(id,creation_date,last_modified,qualifier,plugin_config_value,batch_class_plugin_id,plugin_config_id) VALUES (1,now(),now(),null,'tif;gif',1,1);
INSERT INTO batch_class_plugin_config(id,creation_date,last_modified,qualifier,plugin_config_value,batch_class_plugin_id,plugin_config_id) VALUES (2,now(),now(),null,'100',1,2);
INSERT INTO batch_class_plugin_config(id,creation_date,last_modified,qualifier,plugin_config_value,batch_class_plugin_id,plugin_config_id) VALUES (3,now(),now(),null,'0',1,3);
INSERT INTO batch_class_plugin_config(id,creation_date,last_modified,qualifier,plugin_config_value,batch_class_plugin_id,plugin_config_id) VALUES (4,now(),now(),null,'CODE39;QR;DATAMATRIX',1,4);
INSERT INTO batch_class_plugin_config(id,creation_date,last_modified,qualifier,plugin_config_value,batch_class_plugin_id,plugin_config_id) VALUES (5,now(),now(),null,'100',3,5);
INSERT INTO batch_class_plugin_config(id,creation_date,last_modified,qualifier,plugin_config_value,batch_class_plugin_id,plugin_config_id) VALUES (6,now(),now(),null,'100',3,6);
INSERT INTO batch_class_plugin_config(id,creation_date,last_modified,qualifier,plugin_config_value,batch_class_plugin_id,plugin_config_id) VALUES (7,now(),now(),null,'50',3,7);
INSERT INTO batch_class_plugin_config(id,creation_date,last_modified,qualifier,plugin_config_value,batch_class_plugin_id,plugin_config_id) VALUES (8,now(),now(),null,'25',3,8);
INSERT INTO batch_class_plugin_config(id,creation_date,last_modified,qualifier,plugin_config_value,batch_class_plugin_id,plugin_config_id) VALUES (9,now(),now(),null,'50',3,9);
INSERT INTO batch_class_plugin_config(id,creation_date,last_modified,qualifier,plugin_config_value,batch_class_plugin_id,plugin_config_id) VALUES (10,now(),now(),null,'75',3,10);
INSERT INTO batch_class_plugin_config(id,creation_date,last_modified,qualifier,plugin_config_value,batch_class_plugin_id,plugin_config_id) VALUES (11,now(),now(),null,'50',3,11);
INSERT INTO batch_class_plugin_config(id,creation_date,last_modified,qualifier,plugin_config_value,batch_class_plugin_id,plugin_config_id) VALUES (12,now(),now(),null,'50',3,12);
INSERT INTO batch_class_plugin_config(id,creation_date,last_modified,qualifier,plugin_config_value,batch_class_plugin_id,plugin_config_id) VALUES (13,now(),now(),null,'SearchClassification',3,13);
INSERT INTO batch_class_plugin_config(id,creation_date,last_modified,qualifier,plugin_config_value,batch_class_plugin_id,plugin_config_id) VALUES (23,now(),now(),null,'html',8,23);
INSERT INTO batch_class_plugin_config(id,creation_date,last_modified,qualifier,plugin_config_value,batch_class_plugin_id,plugin_config_id) VALUES (24,now(),now(),null,'1',8,24);
INSERT INTO batch_class_plugin_config(id,creation_date,last_modified,qualifier,plugin_config_value,batch_class_plugin_id,plugin_config_id) VALUES (25,now(),now(),null,'1',8,25);
INSERT INTO batch_class_plugin_config(id,creation_date,last_modified,qualifier,plugin_config_value,batch_class_plugin_id,plugin_config_id) VALUES (26,now(),now(),null,'2',8,26);
INSERT INTO batch_class_plugin_config(id,creation_date,last_modified,qualifier,plugin_config_value,batch_class_plugin_id,plugin_config_id) VALUES (27,now(),now(),null,'50',8,27);
INSERT INTO batch_class_plugin_config(id,creation_date,last_modified,qualifier,plugin_config_value,batch_class_plugin_id,plugin_config_id) VALUES (28,now(),now(),null,'summary',8,28);
INSERT INTO batch_class_plugin_config(id,creation_date,last_modified,qualifier,plugin_config_value,batch_class_plugin_id,plugin_config_id) VALUES (29,now(),now(),null,'50',8,29);
INSERT INTO batch_class_plugin_config(id,creation_date,last_modified,qualifier,plugin_config_value,batch_class_plugin_id,plugin_config_id) VALUES (30,now(),now(),null,'summary',8,30);
INSERT INTO batch_class_plugin_config(id,creation_date,last_modified,qualifier,plugin_config_value,batch_class_plugin_id,plugin_config_id) VALUES (31,now(),now(),null,'name;title',8,31);
INSERT INTO batch_class_plugin_config(id,creation_date,last_modified,qualifier,plugin_config_value,batch_class_plugin_id,plugin_config_id) VALUES (33,now(),now(),null,'tif;gif',10,33);
INSERT INTO batch_class_plugin_config(id,creation_date,last_modified,qualifier,plugin_config_value,batch_class_plugin_id,plugin_config_id) VALUES (34,now(),now(),null,'Fpr.rsp',10,34);
INSERT INTO batch_class_plugin_config(id,creation_date,last_modified,qualifier,plugin_config_value,batch_class_plugin_id,plugin_config_id) VALUES (35,now(),now(),null,'100',44,35);
INSERT INTO batch_class_plugin_config(id,creation_date,last_modified,qualifier,plugin_config_value,batch_class_plugin_id,plugin_config_id) VALUES (36,now(),now(),null,'C:\\ephesoft-data\\final-drop-folder',50,36);
INSERT INTO batch_class_plugin_config(id,creation_date,last_modified,qualifier,plugin_config_value,batch_class_plugin_id,plugin_config_id) VALUES (37,now(),now(),null,'tif;gif',12,1);
INSERT INTO batch_class_plugin_config(id,creation_date,last_modified,qualifier,plugin_config_value,batch_class_plugin_id,plugin_config_id) VALUES (38,now(),now(),null,'100',12,2);
INSERT INTO batch_class_plugin_config(id,creation_date,last_modified,qualifier,plugin_config_value,batch_class_plugin_id,plugin_config_id) VALUES (39,now(),now(),null,'0',12,3);
INSERT INTO batch_class_plugin_config(id,creation_date,last_modified,qualifier,plugin_config_value,batch_class_plugin_id,plugin_config_id) VALUES (40,now(),now(),null,'CODE39;QR;DATAMATRIX',12,4);
INSERT INTO batch_class_plugin_config(id,creation_date,last_modified,qualifier,plugin_config_value,batch_class_plugin_id,plugin_config_id) VALUES (41,now(),now(),null,'100',14,5);
INSERT INTO batch_class_plugin_config(id,creation_date,last_modified,qualifier,plugin_config_value,batch_class_plugin_id,plugin_config_id) VALUES (42,now(),now(),null,'100',14,6);
INSERT INTO batch_class_plugin_config(id,creation_date,last_modified,qualifier,plugin_config_value,batch_class_plugin_id,plugin_config_id) VALUES (43,now(),now(),null,'50',14,7);
INSERT INTO batch_class_plugin_config(id,creation_date,last_modified,qualifier,plugin_config_value,batch_class_plugin_id,plugin_config_id) VALUES (44,now(),now(),null,'25',14,8);
INSERT INTO batch_class_plugin_config(id,creation_date,last_modified,qualifier,plugin_config_value,batch_class_plugin_id,plugin_config_id) VALUES (45,now(),now(),null,'50',14,9);
INSERT INTO batch_class_plugin_config(id,creation_date,last_modified,qualifier,plugin_config_value,batch_class_plugin_id,plugin_config_id) VALUES (46,now(),now(),null,'75',14,10);
INSERT INTO batch_class_plugin_config(id,creation_date,last_modified,qualifier,plugin_config_value,batch_class_plugin_id,plugin_config_id) VALUES (47,now(),now(),null,'50',14,11);
INSERT INTO batch_class_plugin_config(id,creation_date,last_modified,qualifier,plugin_config_value,batch_class_plugin_id,plugin_config_id) VALUES (48,now(),now(),null,'50',14,12);
INSERT INTO batch_class_plugin_config(id,creation_date,last_modified,qualifier,plugin_config_value,batch_class_plugin_id,plugin_config_id) VALUES (49,now(),now(),null,'SearchClassification',14,13);
INSERT INTO batch_class_plugin_config(id,creation_date,last_modified,qualifier,plugin_config_value,batch_class_plugin_id,plugin_config_id) VALUES (59,now(),now(),null,'html',19,23);
INSERT INTO batch_class_plugin_config(id,creation_date,last_modified,qualifier,plugin_config_value,batch_class_plugin_id,plugin_config_id) VALUES (60,now(),now(),null,'1',19,24);
INSERT INTO batch_class_plugin_config(id,creation_date,last_modified,qualifier,plugin_config_value,batch_class_plugin_id,plugin_config_id) VALUES (61,now(),now(),null,'1',19,25);
INSERT INTO batch_class_plugin_config(id,creation_date,last_modified,qualifier,plugin_config_value,batch_class_plugin_id,plugin_config_id) VALUES (62,now(),now(),null,'2',19,26);
INSERT INTO batch_class_plugin_config(id,creation_date,last_modified,qualifier,plugin_config_value,batch_class_plugin_id,plugin_config_id) VALUES (63,now(),now(),null,'50',19,27);
INSERT INTO batch_class_plugin_config(id,creation_date,last_modified,qualifier,plugin_config_value,batch_class_plugin_id,plugin_config_id) VALUES (64,now(),now(),null,'summary',19,28);
INSERT INTO batch_class_plugin_config(id,creation_date,last_modified,qualifier,plugin_config_value,batch_class_plugin_id,plugin_config_id) VALUES (65,now(),now(),null,'50',19,29);
INSERT INTO batch_class_plugin_config(id,creation_date,last_modified,qualifier,plugin_config_value,batch_class_plugin_id,plugin_config_id) VALUES (66,now(),now(),null,'summary',19,30);
INSERT INTO batch_class_plugin_config(id,creation_date,last_modified,qualifier,plugin_config_value,batch_class_plugin_id,plugin_config_id) VALUES (67,now(),now(),null,'name;title',19,31);
INSERT INTO batch_class_plugin_config(id,creation_date,last_modified,qualifier,plugin_config_value,batch_class_plugin_id,plugin_config_id) VALUES (69,now(),now(),null,'100',61,35);
INSERT INTO batch_class_plugin_config(id,creation_date,last_modified,qualifier,plugin_config_value,batch_class_plugin_id,plugin_config_id) VALUES (70,now(),now(),null,'tif;gif',20,70);
INSERT INTO batch_class_plugin_config(id,creation_date,last_modified,qualifier,plugin_config_value,batch_class_plugin_id,plugin_config_id) VALUES (71,now(),now(),null,'C:\\ephesoft-data\\final-drop-folder',67,36);
INSERT INTO batch_class_plugin_config(id,creation_date,last_modified,qualifier,plugin_config_value,batch_class_plugin_id,plugin_config_id) VALUES (72,now(),now(),null,'2',22,72);
INSERT INTO batch_class_plugin_config(id,creation_date,last_modified,qualifier,plugin_config_value,batch_class_plugin_id,plugin_config_id) VALUES (73,now(),now(),null,'1',22,73);
INSERT INTO batch_class_plugin_config(id,creation_date,last_modified,qualifier,plugin_config_value,batch_class_plugin_id,plugin_config_id) VALUES (74,now(),now(),null,'1',22,74);
INSERT INTO batch_class_plugin_config(id,creation_date,last_modified,qualifier,plugin_config_value,batch_class_plugin_id,plugin_config_id) VALUES (75,now(),now(),null,'dcma',22,75);
INSERT INTO batch_class_plugin_config(id,creation_date,last_modified,qualifier,plugin_config_value,batch_class_plugin_id,plugin_config_id) VALUES (76,now(),now(),null,'root',22,76);
INSERT INTO batch_class_plugin_config(id,creation_date,last_modified,qualifier,plugin_config_value,batch_class_plugin_id,plugin_config_id) VALUES (77,now(),now(),null,'com.mysql.jdbc.Driver',22,77);
INSERT INTO batch_class_plugin_config(id,creation_date,last_modified,qualifier,plugin_config_value,batch_class_plugin_id,plugin_config_id) VALUES (78,now(),now(),null,'jdbc:mysql://localhost:3306/dcma',22,78);
INSERT INTO batch_class_plugin_config(id,creation_date,last_modified,qualifier,plugin_config_value,batch_class_plugin_id,plugin_config_id) VALUES (79,now(),now(),null,'5',22,79);
INSERT INTO batch_class_plugin_config(id,creation_date,last_modified,qualifier,plugin_config_value,batch_class_plugin_id,plugin_config_id) VALUES (80,now(),now(),null,'MM/dd/yyyy',22,80);
INSERT INTO batch_class_plugin_config(id,creation_date,last_modified,qualifier,plugin_config_value,batch_class_plugin_id,plugin_config_id) VALUES (81,now(),now(),null,'500',22,81);
INSERT INTO batch_class_plugin_config(id,creation_date,last_modified,qualifier,plugin_config_value,batch_class_plugin_id,plugin_config_id) VALUES (82,now(),now(),null,'50',22,82);
INSERT INTO batch_class_plugin_config(id,creation_date,last_modified,qualifier,plugin_config_value,batch_class_plugin_id,plugin_config_id) VALUES (83,now(),now(),null,'name;title',22,83);
INSERT INTO batch_class_plugin_config(id,creation_date,last_modified,qualifier,plugin_config_value,batch_class_plugin_id,plugin_config_id) VALUES (84,now(),now(),null,'MM/dd/yyyy',23,80);
INSERT INTO batch_class_plugin_config(id,creation_date,last_modified,qualifier,plugin_config_value,batch_class_plugin_id,plugin_config_id) VALUES (85,now(),now(),null,'5',23,79);
INSERT INTO batch_class_plugin_config(id,creation_date,last_modified,qualifier,plugin_config_value,batch_class_plugin_id,plugin_config_id) VALUES (86,now(),now(),null,'jdbc:mysql://localhost:3306/dcma',23,78);
INSERT INTO batch_class_plugin_config(id,creation_date,last_modified,qualifier,plugin_config_value,batch_class_plugin_id,plugin_config_id) VALUES (87,now(),now(),null,'com.mysql.jdbc.Driver',23,77);
INSERT INTO batch_class_plugin_config(id,creation_date,last_modified,qualifier,plugin_config_value,batch_class_plugin_id,plugin_config_id) VALUES (88,now(),now(),null,'root',23,76);
INSERT INTO batch_class_plugin_config(id,creation_date,last_modified,qualifier,plugin_config_value,batch_class_plugin_id,plugin_config_id) VALUES (89,now(),now(),null,'dcma',23,75);
INSERT INTO batch_class_plugin_config(id,creation_date,last_modified,qualifier,plugin_config_value,batch_class_plugin_id,plugin_config_id) VALUES (90,now(),now(),null,'1',23,73);
INSERT INTO batch_class_plugin_config(id,creation_date,last_modified,qualifier,plugin_config_value,batch_class_plugin_id,plugin_config_id) VALUES (91,now(),now(),null,'1',23,74);
INSERT INTO batch_class_plugin_config(id,creation_date,last_modified,qualifier,plugin_config_value,batch_class_plugin_id,plugin_config_id) VALUES (92,now(),now(),null,'2',23,72);
INSERT INTO batch_class_plugin_config(id,creation_date,last_modified,qualifier,plugin_config_value,batch_class_plugin_id,plugin_config_id) VALUES (93,now(),now(),null,'500',23,81);
INSERT INTO batch_class_plugin_config(id,creation_date,last_modified,qualifier,plugin_config_value,batch_class_plugin_id,plugin_config_id) VALUES (94,now(),now(),null,'50',23,82);
INSERT INTO batch_class_plugin_config(id,creation_date,last_modified,qualifier,plugin_config_value,batch_class_plugin_id,plugin_config_id) VALUES (95,now(),now(),null,'name;title',23,83);
INSERT INTO batch_class_plugin_config(id,creation_date,last_modified,qualifier,plugin_config_value,batch_class_plugin_id,plugin_config_id) VALUES (96,now(),now(),null,'ALLPAGES',22,96);
INSERT INTO batch_class_plugin_config(id,creation_date,last_modified,qualifier,plugin_config_value,batch_class_plugin_id,plugin_config_id) VALUES (97,now(),now(),null,'ALLPAGES',23,96);
INSERT INTO batch_class_plugin_config(id,creation_date,last_modified,qualifier,plugin_config_value,batch_class_plugin_id,plugin_config_id) VALUES (98,now(),now(),null,'EphesoftFinalDropFolder',24,98);
INSERT INTO batch_class_plugin_config(id,creation_date,last_modified,qualifier,plugin_config_value,batch_class_plugin_id,plugin_config_id) VALUES (99,now(),now(),null,'pdf',24,99);
INSERT INTO batch_class_plugin_config(id,creation_date,last_modified,qualifier,plugin_config_value,batch_class_plugin_id,plugin_config_id) VALUES (100,now(),now(),null,'http://cmis.alfresco.com/service/cmis',24,100);
INSERT INTO batch_class_plugin_config(id,creation_date,last_modified,qualifier,plugin_config_value,batch_class_plugin_id,plugin_config_id) VALUES (101,now(),now(),null,'admin',24,101);
INSERT INTO batch_class_plugin_config(id,creation_date,last_modified,qualifier,plugin_config_value,batch_class_plugin_id,plugin_config_id) VALUES (102,now(),now(),null,'admin',24,102);
INSERT INTO batch_class_plugin_config(id,creation_date,last_modified,qualifier,plugin_config_value,batch_class_plugin_id,plugin_config_id) VALUES (103,now(),now(),null,'84ccfe80-b325-4d79-ab4d-080a4bdd045b',24,103);
INSERT INTO batch_class_plugin_config(id,creation_date,last_modified,qualifier,plugin_config_value,batch_class_plugin_id,plugin_config_id) VALUES (104,now(),now(),null,'EphesoftFinalDropFolder',25,98);
INSERT INTO batch_class_plugin_config(id,creation_date,last_modified,qualifier,plugin_config_value,batch_class_plugin_id,plugin_config_id) VALUES (105,now(),now(),null,'pdf',25,99);
INSERT INTO batch_class_plugin_config(id,creation_date,last_modified,qualifier,plugin_config_value,batch_class_plugin_id,plugin_config_id) VALUES (106,now(),now(),null,'http://cmis.alfresco.com/service/cmis',25,100);
INSERT INTO batch_class_plugin_config(id,creation_date,last_modified,qualifier,plugin_config_value,batch_class_plugin_id,plugin_config_id) VALUES (107,now(),now(),null,'admin',25,101);
INSERT INTO batch_class_plugin_config(id,creation_date,last_modified,qualifier,plugin_config_value,batch_class_plugin_id,plugin_config_id) VALUES (108,now(),now(),null,'admin',25,102);
INSERT INTO batch_class_plugin_config(id,creation_date,last_modified,qualifier,plugin_config_value,batch_class_plugin_id,plugin_config_id) VALUES (109,now(),now(),null,'84ccfe80-b325-4d79-ab4d-080a4bdd045b',25,103);
INSERT INTO batch_class_plugin_config(id,creation_date,last_modified,qualifier,plugin_config_value,batch_class_plugin_id,plugin_config_id) VALUES (110,now(),now(),null,'eng',20,110);
INSERT INTO batch_class_plugin_config(id,creation_date,last_modified,qualifier,plugin_config_value,batch_class_plugin_id,plugin_config_id) VALUES (111,now(),now(),null,'OFF',24,111);
INSERT INTO batch_class_plugin_config(id,creation_date,last_modified,qualifier,plugin_config_value,batch_class_plugin_id,plugin_config_id) VALUES (112,now(),now(),null,'OFF',25,111);
INSERT INTO batch_class_plugin_config(id,creation_date,last_modified,qualifier,plugin_config_value,batch_class_plugin_id,plugin_config_id) VALUES (115,now(),now(),null,'KV_Page_Process',40,114);
INSERT INTO batch_class_plugin_config(id,creation_date,last_modified,qualifier,plugin_config_value,batch_class_plugin_id,plugin_config_id) VALUES (116,now(),now(),null,'KV_Page_Process',58,114);
INSERT INTO batch_class_plugin_config(id,creation_date,last_modified,qualifier,plugin_config_value,batch_class_plugin_id,plugin_config_id) VALUES (119,now(),now(),null,'tif;gif',29,33);
INSERT INTO batch_class_plugin_config(id,creation_date,last_modified,qualifier,plugin_config_value,batch_class_plugin_id,plugin_config_id) VALUES (120,now(),now(),null,'Fpr.rsp',29,34);
INSERT INTO batch_class_plugin_config(id,creation_date,last_modified,qualifier,plugin_config_value,batch_class_plugin_id,plugin_config_id) VALUES (121,now(),now(),null,'SearchablePdfClassification',30,13);
INSERT INTO batch_class_plugin_config(id,creation_date,last_modified,qualifier,plugin_config_value,batch_class_plugin_id,plugin_config_id) VALUES (122,now(),now(),null,'C:\\ephesoft-data\\final-drop-folder',73,36);
INSERT INTO batch_class_plugin_config(id,creation_date,last_modified,qualifier,plugin_config_value,batch_class_plugin_id,plugin_config_id) VALUES (123,now(),now(),null,null,41,115);
INSERT INTO batch_class_plugin_config(id,creation_date,last_modified,qualifier,plugin_config_value,batch_class_plugin_id,plugin_config_id) VALUES (124,now(),now(),null,'-compress LZW -density 300',41,116);
INSERT INTO batch_class_plugin_config(id,creation_date,last_modified,qualifier,plugin_config_value,batch_class_plugin_id,plugin_config_id) VALUES (125,now(),now(),null,null,59,115);
INSERT INTO batch_class_plugin_config(id,creation_date,last_modified,qualifier,plugin_config_value,batch_class_plugin_id,plugin_config_id) VALUES (126,now(),now(),null,'-compress LZW -density 300',59,116);
INSERT INTO batch_class_plugin_config(id,creation_date,last_modified,qualifier,plugin_config_value,batch_class_plugin_id,plugin_config_id) VALUES (127,now(),now(),null,'ON',8,117);
INSERT INTO batch_class_plugin_config(id,creation_date,last_modified,qualifier,plugin_config_value,batch_class_plugin_id,plugin_config_id) VALUES (128,now(),now(),null,'10',8,118);
INSERT INTO batch_class_plugin_config(id,creation_date,last_modified,qualifier,plugin_config_value,batch_class_plugin_id,plugin_config_id) VALUES (129,now(),now(),null,'ON',19,117);
INSERT INTO batch_class_plugin_config(id,creation_date,last_modified,qualifier,plugin_config_value,batch_class_plugin_id,plugin_config_id) VALUES (130,now(),now(),null,'10',19,118);
INSERT INTO batch_class_plugin_config(id,creation_date,last_modified,qualifier,plugin_config_value,batch_class_plugin_id,plugin_config_id) VALUES (135,now(),now(),null,'ON',1,121);
INSERT INTO batch_class_plugin_config(id,creation_date,last_modified,qualifier,plugin_config_value,batch_class_plugin_id,plugin_config_id) VALUES (136,now(),now(),null,'ON',40,122);
INSERT INTO batch_class_plugin_config(id,creation_date,last_modified,qualifier,plugin_config_value,batch_class_plugin_id,plugin_config_id) VALUES (137,now(),now(),null,'10',40,123);
INSERT INTO batch_class_plugin_config(id,creation_date,last_modified,qualifier,plugin_config_value,batch_class_plugin_id,plugin_config_id) VALUES (138,now(),now(),null,'ON',12,121);
INSERT INTO batch_class_plugin_config(id,creation_date,last_modified,qualifier,plugin_config_value,batch_class_plugin_id,plugin_config_id) VALUES (139,now(),now(),null,'ON',58,122);
INSERT INTO batch_class_plugin_config(id,creation_date,last_modified,qualifier,plugin_config_value,batch_class_plugin_id,plugin_config_id) VALUES (140,now(),now(),null,'10',58,123);
INSERT INTO batch_class_plugin_config(id,creation_date,last_modified,qualifier,plugin_config_value,batch_class_plugin_id,plugin_config_id) VALUES (141,now(),now(),null,'OFF',33,124);
INSERT INTO batch_class_plugin_config(id,creation_date,last_modified,qualifier,plugin_config_value,batch_class_plugin_id,plugin_config_id) VALUES (142,now(),now(),null,'https://apwest.filebound.com/v5',33,125);
INSERT INTO batch_class_plugin_config(id,creation_date,last_modified,qualifier,plugin_config_value,batch_class_plugin_id,plugin_config_id) VALUES (143,now(),now(),null,'admin',33,126);
INSERT INTO batch_class_plugin_config(id,creation_date,last_modified,qualifier,plugin_config_value,batch_class_plugin_id,plugin_config_id) VALUES (144,now(),now(),null,'admin',33,127);
INSERT INTO batch_class_plugin_config(id,creation_date,last_modified,qualifier,plugin_config_value,batch_class_plugin_id,plugin_config_id) VALUES (146,now(),now(),null,'OFF',34,124);
INSERT INTO batch_class_plugin_config(id,creation_date,last_modified,qualifier,plugin_config_value,batch_class_plugin_id,plugin_config_id) VALUES (147,now(),now(),null,'https://apwest.filebound.com/v5',34,125);
INSERT INTO batch_class_plugin_config(id,creation_date,last_modified,qualifier,plugin_config_value,batch_class_plugin_id,plugin_config_id) VALUES (148,now(),now(),null,'admin',34,126);
INSERT INTO batch_class_plugin_config(id,creation_date,last_modified,qualifier,plugin_config_value,batch_class_plugin_id,plugin_config_id) VALUES (149,now(),now(),null,'admin',34,127);
INSERT INTO batch_class_plugin_config(id,creation_date,last_modified,qualifier,plugin_config_value,batch_class_plugin_id,plugin_config_id) VALUES (151,now(),now(),null,'YES',41,113);
INSERT INTO batch_class_plugin_config(id,creation_date,last_modified,qualifier,plugin_config_value,batch_class_plugin_id,plugin_config_id) VALUES (152,now(),now(),null,'YES',59,113);
INSERT INTO batch_class_plugin_config(id,creation_date,last_modified,qualifier,plugin_config_value,batch_class_plugin_id,plugin_config_id) VALUES (153,now(),now(),null,'YES',70,113);
INSERT INTO batch_class_plugin_config(id,creation_date,last_modified,qualifier,plugin_config_value,batch_class_plugin_id,plugin_config_id) VALUES (154,now(),now(),null,'tif;gif',42,22);
INSERT INTO batch_class_plugin_config(id,creation_date,last_modified,qualifier,plugin_config_value,batch_class_plugin_id,plugin_config_id) VALUES (155,now(),now(),null,'tif;gif',60,22);
INSERT INTO batch_class_plugin_config(id,creation_date,last_modified,qualifier,plugin_config_value,batch_class_plugin_id,plugin_config_id) VALUES (156,now(),now(),null,'tif;gif',71,22);
INSERT INTO batch_class_plugin_config(id,creation_date,last_modified,qualifier,plugin_config_value,batch_class_plugin_id,plugin_config_id) VALUES (157,now(),now(),null,'ON',38,140);
INSERT INTO batch_class_plugin_config(id,creation_date,last_modified,qualifier,plugin_config_value,batch_class_plugin_id,plugin_config_id) VALUES (158,now(),now(),null,'10',38,141);
INSERT INTO batch_class_plugin_config(id,creation_date,last_modified,qualifier,plugin_config_value,batch_class_plugin_id,plugin_config_id) VALUES (159,now(),now(),null,'RMSE',38,142);
INSERT INTO batch_class_plugin_config(id,creation_date,last_modified,qualifier,plugin_config_value,batch_class_plugin_id,plugin_config_id) VALUES (160,now(),now(),null,'10',38,143);
INSERT INTO batch_class_plugin_config(id,creation_date,last_modified,qualifier,plugin_config_value,batch_class_plugin_id,plugin_config_id) VALUES (161,now(),now(),null,'ON',56,140);
INSERT INTO batch_class_plugin_config(id,creation_date,last_modified,qualifier,plugin_config_value,batch_class_plugin_id,plugin_config_id) VALUES (162,now(),now(),null,'10',56,141);
INSERT INTO batch_class_plugin_config(id,creation_date,last_modified,qualifier,plugin_config_value,batch_class_plugin_id,plugin_config_id) VALUES (163,now(),now(),null,'RMSE',56,142);
INSERT INTO batch_class_plugin_config(id,creation_date,last_modified,qualifier,plugin_config_value,batch_class_plugin_id,plugin_config_id) VALUES (164,now(),now(),null,'10',56,143);
INSERT INTO batch_class_plugin_config(id,creation_date,last_modified,qualifier,plugin_config_value,batch_class_plugin_id,plugin_config_id) VALUES (165,now(),now(),null,'.png',36,138);
INSERT INTO batch_class_plugin_config(id,creation_date,last_modified,qualifier,plugin_config_value,batch_class_plugin_id,plugin_config_id) VALUES (166,now(),now(),null,'.tif',36,139);
INSERT INTO batch_class_plugin_config(id,creation_date,last_modified,qualifier,plugin_config_value,batch_class_plugin_id,plugin_config_id) VALUES (167,now(),now(),null,'.png',54,138);
INSERT INTO batch_class_plugin_config(id,creation_date,last_modified,qualifier,plugin_config_value,batch_class_plugin_id,plugin_config_id) VALUES (168,now(),now(),null,'.tif',54,139);
INSERT INTO batch_class_plugin_config(id,creation_date,last_modified,qualifier,plugin_config_value,batch_class_plugin_id,plugin_config_id) VALUES (169,now(),now(),null,'.png',35,129);
INSERT INTO batch_class_plugin_config(id,creation_date,last_modified,qualifier,plugin_config_value,batch_class_plugin_id,plugin_config_id) VALUES (170,now(),now(),null,'.tif',35,130);
INSERT INTO batch_class_plugin_config(id,creation_date,last_modified,qualifier,plugin_config_value,batch_class_plugin_id,plugin_config_id) VALUES (171,now(),now(),null,'.png',53,129);
INSERT INTO batch_class_plugin_config(id,creation_date,last_modified,qualifier,plugin_config_value,batch_class_plugin_id,plugin_config_id) VALUES (172,now(),now(),null,'.tif',53,130);
INSERT INTO batch_class_plugin_config(id,creation_date,last_modified,qualifier,plugin_config_value,batch_class_plugin_id,plugin_config_id) VALUES (173,now(),now(),null,'ON',37,131);
INSERT INTO batch_class_plugin_config(id,creation_date,last_modified,qualifier,plugin_config_value,batch_class_plugin_id,plugin_config_id) VALUES (174,now(),now(),null,'.png',37,132);
INSERT INTO batch_class_plugin_config(id,creation_date,last_modified,qualifier,plugin_config_value,batch_class_plugin_id,plugin_config_id) VALUES (175,now(),now(),null,'.tif',37,133);
INSERT INTO batch_class_plugin_config(id,creation_date,last_modified,qualifier,plugin_config_value,batch_class_plugin_id,plugin_config_id) VALUES (176,now(),now(),null,'200',37,134);
INSERT INTO batch_class_plugin_config(id,creation_date,last_modified,qualifier,plugin_config_value,batch_class_plugin_id,plugin_config_id) VALUES (177,now(),now(),null,'150',37,135);
INSERT INTO batch_class_plugin_config(id,creation_date,last_modified,qualifier,plugin_config_value,batch_class_plugin_id,plugin_config_id) VALUES (178,now(),now(),null,'200',37,136);
INSERT INTO batch_class_plugin_config(id,creation_date,last_modified,qualifier,plugin_config_value,batch_class_plugin_id,plugin_config_id) VALUES (179,now(),now(),null,'150',37,137);
INSERT INTO batch_class_plugin_config(id,creation_date,last_modified,qualifier,plugin_config_value,batch_class_plugin_id,plugin_config_id) VALUES (181,now(),now(),null,'ON',55,131);
INSERT INTO batch_class_plugin_config(id,creation_date,last_modified,qualifier,plugin_config_value,batch_class_plugin_id,plugin_config_id) VALUES (182,now(),now(),null,'.png',55,132);
INSERT INTO batch_class_plugin_config(id,creation_date,last_modified,qualifier,plugin_config_value,batch_class_plugin_id,plugin_config_id) VALUES (183,now(),now(),null,'.tif',55,133);
INSERT INTO batch_class_plugin_config(id,creation_date,last_modified,qualifier,plugin_config_value,batch_class_plugin_id,plugin_config_id) VALUES (184,now(),now(),null,'200',55,134);
INSERT INTO batch_class_plugin_config(id,creation_date,last_modified,qualifier,plugin_config_value,batch_class_plugin_id,plugin_config_id) VALUES (185,now(),now(),null,'150',55,135);
INSERT INTO batch_class_plugin_config(id,creation_date,last_modified,qualifier,plugin_config_value,batch_class_plugin_id,plugin_config_id) VALUES (186,now(),now(),null,'200',55,136);
INSERT INTO batch_class_plugin_config(id,creation_date,last_modified,qualifier,plugin_config_value,batch_class_plugin_id,plugin_config_id) VALUES (187,now(),now(),null,'150',55,137);
INSERT INTO batch_class_plugin_config(id,creation_date,last_modified,qualifier,plugin_config_value,batch_class_plugin_id,plugin_config_id) VALUES (188,now(),now(),null,null,70,115);
INSERT INTO batch_class_plugin_config(id,creation_date,last_modified,qualifier,plugin_config_value,batch_class_plugin_id,plugin_config_id) VALUES (189,now(),now(),null,'-compress LZW -density 300',70,116);
INSERT INTO batch_class_plugin_config(id,creation_date,last_modified,qualifier,plugin_config_value,batch_class_plugin_id,plugin_config_id) VALUES (190,now(),now(),null,null,78,115);
INSERT INTO batch_class_plugin_config(id,creation_date,last_modified,qualifier,plugin_config_value,batch_class_plugin_id,plugin_config_id) VALUES (191,now(),now(),null,'-compress LZW -density 300',78,116);
INSERT INTO batch_class_plugin_config(id,creation_date,last_modified,qualifier,plugin_config_value,batch_class_plugin_id,plugin_config_id) VALUES (192,now(),now(),null,'YES',78,113);
INSERT INTO batch_class_plugin_config(id,creation_date,last_modified,qualifier,plugin_config_value,batch_class_plugin_id,plugin_config_id) VALUES (193,now(),now(),null,'tif;gif',79,22);
INSERT INTO batch_class_plugin_config(id,creation_date,last_modified,qualifier,plugin_config_value,batch_class_plugin_id,plugin_config_id) VALUES (194,now(),now(),null,'tif;gif',80,33);
INSERT INTO batch_class_plugin_config(id,creation_date,last_modified,qualifier,plugin_config_value,batch_class_plugin_id,plugin_config_id) VALUES (195,now(),now(),null,'Fpr.rsp',80,34);
INSERT INTO batch_class_plugin_config(id,creation_date,last_modified,qualifier,plugin_config_value,batch_class_plugin_id,plugin_config_id) VALUES (196,now(),now(),null,'html',81,23);
INSERT INTO batch_class_plugin_config(id,creation_date,last_modified,qualifier,plugin_config_value,batch_class_plugin_id,plugin_config_id) VALUES (197,now(),now(),null,'1',81,24);
INSERT INTO batch_class_plugin_config(id,creation_date,last_modified,qualifier,plugin_config_value,batch_class_plugin_id,plugin_config_id) VALUES (198,now(),now(),null,'1',81,25);
INSERT INTO batch_class_plugin_config(id,creation_date,last_modified,qualifier,plugin_config_value,batch_class_plugin_id,plugin_config_id) VALUES (199,now(),now(),null,'2',81,26);
INSERT INTO batch_class_plugin_config(id,creation_date,last_modified,qualifier,plugin_config_value,batch_class_plugin_id,plugin_config_id) VALUES (200,now(),now(),null,'50',81,27);
INSERT INTO batch_class_plugin_config(id,creation_date,last_modified,qualifier,plugin_config_value,batch_class_plugin_id,plugin_config_id) VALUES (201,now(),now(),null,'summary',81,28);
INSERT INTO batch_class_plugin_config(id,creation_date,last_modified,qualifier,plugin_config_value,batch_class_plugin_id,plugin_config_id) VALUES (202,now(),now(),null,'50',81,29);
INSERT INTO batch_class_plugin_config(id,creation_date,last_modified,qualifier,plugin_config_value,batch_class_plugin_id,plugin_config_id) VALUES (203,now(),now(),null,'summary',81,30);
INSERT INTO batch_class_plugin_config(id,creation_date,last_modified,qualifier,plugin_config_value,batch_class_plugin_id,plugin_config_id) VALUES (204,now(),now(),null,'name;title',81,31);
INSERT INTO batch_class_plugin_config(id,creation_date,last_modified,qualifier,plugin_config_value,batch_class_plugin_id,plugin_config_id) VALUES (205,now(),now(),null,'ON',81,117);
INSERT INTO batch_class_plugin_config(id,creation_date,last_modified,qualifier,plugin_config_value,batch_class_plugin_id,plugin_config_id) VALUES (206,now(),now(),null,'10',81,118);
INSERT INTO batch_class_plugin_config(id,creation_date,last_modified,qualifier,plugin_config_value,batch_class_plugin_id,plugin_config_id) VALUES (207,now(),now(),null,'100',82,5);
INSERT INTO batch_class_plugin_config(id,creation_date,last_modified,qualifier,plugin_config_value,batch_class_plugin_id,plugin_config_id) VALUES (208,now(),now(),null,'100',82,6);
INSERT INTO batch_class_plugin_config(id,creation_date,last_modified,qualifier,plugin_config_value,batch_class_plugin_id,plugin_config_id) VALUES (209,now(),now(),null,'50',82,7);
INSERT INTO batch_class_plugin_config(id,creation_date,last_modified,qualifier,plugin_config_value,batch_class_plugin_id,plugin_config_id) VALUES (210,now(),now(),null,'25',82,8);
INSERT INTO batch_class_plugin_config(id,creation_date,last_modified,qualifier,plugin_config_value,batch_class_plugin_id,plugin_config_id) VALUES (211,now(),now(),null,'50',82,9);
INSERT INTO batch_class_plugin_config(id,creation_date,last_modified,qualifier,plugin_config_value,batch_class_plugin_id,plugin_config_id) VALUES (212,now(),now(),null,'75',82,10);
INSERT INTO batch_class_plugin_config(id,creation_date,last_modified,qualifier,plugin_config_value,batch_class_plugin_id,plugin_config_id) VALUES (213,now(),now(),null,'50',82,11);
INSERT INTO batch_class_plugin_config(id,creation_date,last_modified,qualifier,plugin_config_value,batch_class_plugin_id,plugin_config_id) VALUES (214,now(),now(),null,'50',82,12);
INSERT INTO batch_class_plugin_config(id,creation_date,last_modified,qualifier,plugin_config_value,batch_class_plugin_id,plugin_config_id) VALUES (215,now(),now(),null,'SearchClassification',82,13);
INSERT INTO batch_class_plugin_config(id,creation_date,last_modified,qualifier,plugin_config_value,batch_class_plugin_id,plugin_config_id) VALUES (216,now(),now(),null,'C:\\ephesoft-data\\final-drop-folder',85,36);
INSERT INTO batch_class_plugin_config(id,creation_date,last_modified,qualifier,plugin_config_value,batch_class_plugin_id,plugin_config_id) VALUES (217,now(),now(),null,'ON',86,124);
INSERT INTO batch_class_plugin_config(id,creation_date,last_modified,qualifier,plugin_config_value,batch_class_plugin_id,plugin_config_id) VALUES (218,now(),now(),null,'https://apwest.filebound.com/v5',86,125);
INSERT INTO batch_class_plugin_config(id,creation_date,last_modified,qualifier,plugin_config_value,batch_class_plugin_id,plugin_config_id) VALUES (219,now(),now(),null,'admin',86,126);
INSERT INTO batch_class_plugin_config(id,creation_date,last_modified,qualifier,plugin_config_value,batch_class_plugin_id,plugin_config_id) VALUES (220,now(),now(),null,'admin',86,127);
INSERT INTO batch_class_plugin_config(id,creation_date,last_modified,qualifier,plugin_config_value,batch_class_plugin_id,plugin_config_id) VALUES (222,now(),now(),null,'Ephesoft',86,144);
INSERT INTO batch_class_plugin_config(id,creation_date,last_modified,qualifier,plugin_config_value,batch_class_plugin_id,plugin_config_id) VALUES (223,now(),now(),null,'Ephesoft',33,144);
INSERT INTO batch_class_plugin_config(id,creation_date,last_modified,qualifier,plugin_config_value,batch_class_plugin_id,plugin_config_id) VALUES (224,now(),now(),null,'Ephesoft',34,144);
INSERT INTO batch_class_plugin_config(id,creation_date,last_modified,qualifier,plugin_config_value,batch_class_plugin_id,plugin_config_id) VALUES (225,now(),now(),null,'.png',88,138);
INSERT INTO batch_class_plugin_config(id,creation_date,last_modified,qualifier,plugin_config_value,batch_class_plugin_id,plugin_config_id) VALUES (226,now(),now(),null,'.tif',88,139);
INSERT INTO batch_class_plugin_config(id,creation_date,last_modified,qualifier,plugin_config_value,batch_class_plugin_id,plugin_config_id) VALUES (227,now(),now(),null,'ON',89,131);
INSERT INTO batch_class_plugin_config(id,creation_date,last_modified,qualifier,plugin_config_value,batch_class_plugin_id,plugin_config_id) VALUES (228,now(),now(),null,'.png',89,132);
INSERT INTO batch_class_plugin_config(id,creation_date,last_modified,qualifier,plugin_config_value,batch_class_plugin_id,plugin_config_id) VALUES (229,now(),now(),null,'.tif',89,133);
INSERT INTO batch_class_plugin_config(id,creation_date,last_modified,qualifier,plugin_config_value,batch_class_plugin_id,plugin_config_id) VALUES (230,now(),now(),null,'200',89,134);
INSERT INTO batch_class_plugin_config(id,creation_date,last_modified,qualifier,plugin_config_value,batch_class_plugin_id,plugin_config_id) VALUES (231,now(),now(),null,'150',89,135);
INSERT INTO batch_class_plugin_config(id,creation_date,last_modified,qualifier,plugin_config_value,batch_class_plugin_id,plugin_config_id) VALUES (232,now(),now(),null,'200',89,136);
INSERT INTO batch_class_plugin_config(id,creation_date,last_modified,qualifier,plugin_config_value,batch_class_plugin_id,plugin_config_id) VALUES (233,now(),now(),null,'150',89,137);
INSERT INTO batch_class_plugin_config(id,creation_date,last_modified,qualifier,plugin_config_value,batch_class_plugin_id,plugin_config_id) VALUES (234,now(),now(),null,'OFF',90,145);
INSERT INTO batch_class_plugin_config(id,creation_date,last_modified,qualifier,plugin_config_value,batch_class_plugin_id,plugin_config_id) VALUES (235,now(),now(),null,'OFF',91,145);
INSERT INTO batch_class_plugin_config(id,creation_date,last_modified,qualifier,plugin_config_value,batch_class_plugin_id,plugin_config_id) VALUES (236,now(),now(),null,'100',90,146);
INSERT INTO batch_class_plugin_config(id,creation_date,last_modified,qualifier,plugin_config_value,batch_class_plugin_id,plugin_config_id) VALUES (237,now(),now(),null,'100',91,146);
INSERT INTO batch_class_plugin_config(id,creation_date,last_modified,qualifier,plugin_config_value,batch_class_plugin_id,plugin_config_id) VALUES (238,now(),now(),null,'0',90,147);
INSERT INTO batch_class_plugin_config(id,creation_date,last_modified,qualifier,plugin_config_value,batch_class_plugin_id,plugin_config_id) VALUES (239,now(),now(),null,'0',91,147);
INSERT INTO batch_class_plugin_config(id,creation_date,last_modified,qualifier,plugin_config_value,batch_class_plugin_id,plugin_config_id) VALUES (240,now(),now(),null,'CODE39;CODE93;CODE128;ITF;PDF417;QR;DATAMATRIX;CODABAR;EAN13',90,148);
INSERT INTO batch_class_plugin_config(id,creation_date,last_modified,qualifier,plugin_config_value,batch_class_plugin_id,plugin_config_id) VALUES (242,now(),now(),null,'CODE39;CODE93;CODE128;ITF;PDF417;QR;DATAMATRIX;CODABAR;EAN13',91,148);
INSERT INTO batch_class_plugin_config(id,creation_date,last_modified,qualifier,plugin_config_value,batch_class_plugin_id,plugin_config_id) VALUES (243,now(),now(),null,'tif;gif',90,149);
INSERT INTO batch_class_plugin_config(id,creation_date,last_modified,qualifier,plugin_config_value,batch_class_plugin_id,plugin_config_id) VALUES (244,now(),now(),null,'tif;gif',91,149);
INSERT INTO batch_class_plugin_config(id,creation_date,last_modified,qualifier,plugin_config_value,batch_class_plugin_id,plugin_config_id) VALUES (245,now(),now(),null,'.png',92,138);
INSERT INTO batch_class_plugin_config(id,creation_date,last_modified,qualifier,plugin_config_value,batch_class_plugin_id,plugin_config_id) VALUES (246,now(),now(),null,'.tif',92,139);
INSERT INTO batch_class_plugin_config(id,creation_date,last_modified,qualifier,plugin_config_value,batch_class_plugin_id,plugin_config_id) VALUES (247,now(),now(),null,'ON',93,131);
INSERT INTO batch_class_plugin_config(id,creation_date,last_modified,qualifier,plugin_config_value,batch_class_plugin_id,plugin_config_id) VALUES (248,now(),now(),null,'.png',93,132);
INSERT INTO batch_class_plugin_config(id,creation_date,last_modified,qualifier,plugin_config_value,batch_class_plugin_id,plugin_config_id) VALUES (249,now(),now(),null,'.tif',93,133);
INSERT INTO batch_class_plugin_config(id,creation_date,last_modified,qualifier,plugin_config_value,batch_class_plugin_id,plugin_config_id) VALUES (250,now(),now(),null,'200',93,134);
INSERT INTO batch_class_plugin_config(id,creation_date,last_modified,qualifier,plugin_config_value,batch_class_plugin_id,plugin_config_id) VALUES (251,now(),now(),null,'150',93,135);
INSERT INTO batch_class_plugin_config(id,creation_date,last_modified,qualifier,plugin_config_value,batch_class_plugin_id,plugin_config_id) VALUES (252,now(),now(),null,'200',93,136);
INSERT INTO batch_class_plugin_config(id,creation_date,last_modified,qualifier,plugin_config_value,batch_class_plugin_id,plugin_config_id) VALUES (253,now(),now(),null,'150',93,137);
INSERT INTO batch_class_plugin_config(id,creation_date,last_modified,qualifier,plugin_config_value,batch_class_plugin_id,plugin_config_id) VALUES (254,now(),now(),null,'ON',49,150);
INSERT INTO batch_class_plugin_config(id,creation_date,last_modified,qualifier,plugin_config_value,batch_class_plugin_id,plugin_config_id) VALUES (255,now(),now(),null,'ON',66,150);
INSERT INTO batch_class_plugin_config(id,creation_date,last_modified,qualifier,plugin_config_value,batch_class_plugin_id,plugin_config_id) VALUES (256,now(),now(),null,'ON',72,150);
INSERT INTO batch_class_plugin_config(id,creation_date,last_modified,qualifier,plugin_config_value,batch_class_plugin_id,plugin_config_id) VALUES (257,now(),now(),null,'ON',84,150);
INSERT INTO batch_class_plugin_config(id,creation_date,last_modified,qualifier,plugin_config_value,batch_class_plugin_id,plugin_config_id) VALUES (258,now(),now(),null,'ON',50,151);
INSERT INTO batch_class_plugin_config(id,creation_date,last_modified,qualifier,plugin_config_value,batch_class_plugin_id,plugin_config_id) VALUES (259,now(),now(),null,'ON',67,151);
INSERT INTO batch_class_plugin_config(id,creation_date,last_modified,qualifier,plugin_config_value,batch_class_plugin_id,plugin_config_id) VALUES (260,now(),now(),null,'ON',73,151);
INSERT INTO batch_class_plugin_config(id,creation_date,last_modified,qualifier,plugin_config_value,batch_class_plugin_id,plugin_config_id) VALUES (261,now(),now(),null,'ON',85,151);
INSERT INTO batch_class_plugin_config(id,creation_date,last_modified,qualifier,plugin_config_value,batch_class_plugin_id,plugin_config_id) VALUES (262,now(),now(),null,' ;:,/\\',23,152);
INSERT INTO batch_class_plugin_config(id,creation_date,last_modified,qualifier,plugin_config_value,batch_class_plugin_id,plugin_config_id) VALUES (263,now(),now(),null,' ;:,/\\',22,152);


/*Document Types*/
INSERT INTO document_type(id, creation_date, last_modified, document_type_description, min_confidence_threshold, document_type_name, priority, batch_class_id) VALUES (1,now(),now(),'Unknown',0,'Unknown',0,1);
INSERT INTO document_type(id, creation_date, last_modified, document_type_description, min_confidence_threshold, document_type_name, priority, batch_class_id) VALUES (2,now(),now(),'Application-Checklist',35,'Application-Checklist',0,1);
INSERT INTO document_type(id, creation_date, last_modified, document_type_description, min_confidence_threshold, document_type_name, priority, batch_class_id) VALUES (3,now(),now(),'Workers-Comp-02',35,'Workers-Comp-02',0,1);
INSERT INTO document_type(id, creation_date, last_modified, document_type_description, min_confidence_threshold, document_type_name, priority, batch_class_id) VALUES (4,now(),now(),'US-Invoice-Data',35,'US-Invoice-Data',0,1);
INSERT INTO document_type(id, creation_date, last_modified, document_type_description, min_confidence_threshold, document_type_name, priority, batch_class_id) VALUES (5,now(),now(),'Unknown',0,'Unknown',0,2);
INSERT INTO document_type(id, creation_date, last_modified, document_type_description, min_confidence_threshold, document_type_name, priority, batch_class_id) VALUES (6,now(),now(),'Application-Checklist',35,'Application-Checklist',0,2);
INSERT INTO document_type(id, creation_date, last_modified, document_type_description, min_confidence_threshold, document_type_name, priority, batch_class_id) VALUES (7,now(),now(),'Workers-Comp-02',35,'Workers-Comp-02',0,2);
INSERT INTO document_type(id, creation_date, last_modified, document_type_description, min_confidence_threshold, document_type_name, priority, batch_class_id) VALUES (8,now(),now(),'US-Invoice-Data',35,'US-Invoice-Data',0,2);
INSERT INTO document_type(id, creation_date, last_modified, document_type_description, min_confidence_threshold, document_type_name, priority, batch_class_id) VALUES (9,now(),now(),'Invoice-Table',35,'Invoice-Table',0,1);
INSERT INTO document_type(id, creation_date, last_modified, document_type_description, min_confidence_threshold, document_type_name, priority, batch_class_id) VALUES (10,now(),now(),'Invoice-Table',35,'Invoice-Table',0,2);
INSERT INTO document_type(id, creation_date, last_modified, document_type_description, min_confidence_threshold, document_type_name, priority, batch_class_id) VALUES (11,now(),now(),'US Invoice',35,'US Invoice',0,1);
INSERT INTO document_type(id, creation_date, last_modified, document_type_description, min_confidence_threshold, document_type_name, priority, batch_class_id) VALUES (12,now(),now(),'US Invoice',35,'US Invoice',0,2);
INSERT INTO document_type(id, creation_date, last_modified, document_type_description, min_confidence_threshold, document_type_name, priority, batch_class_id) VALUES (13,now(),now(),'Voting Pharmacy',35,'Voting_Pharmacy',0,1);
INSERT INTO document_type(id, creation_date, last_modified, document_type_description, min_confidence_threshold, document_type_name, priority, batch_class_id) VALUES (14,now(),now(),'Voting Machine',35,'Voting_Machine',0,1);
INSERT INTO document_type(id, creation_date, last_modified, document_type_description, min_confidence_threshold, document_type_name, priority, batch_class_id) VALUES (15,now(),now(),'Searchable Document',35,'Searchable Document',0,3);
INSERT INTO document_type(id, creation_date, last_modified, document_type_description, min_confidence_threshold, document_type_name, priority, batch_class_id) VALUES (16,now(),now(),'Unknown',0,'Unknown',0,4);
INSERT INTO document_type(id, creation_date, last_modified, document_type_description, min_confidence_threshold, document_type_name, priority, batch_class_id) VALUES (17,now(),now(),'Application-Checklist',35,'Application-Checklist',0,4);
INSERT INTO document_type(id, creation_date, last_modified, document_type_description, min_confidence_threshold, document_type_name, priority, batch_class_id) VALUES (18,now(),now(),'Workers-Comp-02',35,'Workers-Comp-02',0,4);
INSERT INTO document_type(id, creation_date, last_modified, document_type_description, min_confidence_threshold, document_type_name, priority, batch_class_id) VALUES (19,now(),now(),'US-Invoice-Data',35,'US-Invoice-Data',0,4);

 
/*Field Types*/
INSERT INTO field_type(id, creation_date, last_modified, field_data_type, field_type_description, field_type_name, field_order_number, pattern, sample_value, document_type_id) VALUES (1,now(),now(),'DATE','Invoice Date','Invoice Date', 1, 'Invoice;Date:;[0-9]{2}/[0-9]{2}/[0-9]{2,4}', 'dd/mm/yyyy', 6);
INSERT INTO field_type(id, creation_date, last_modified, field_data_type, field_type_description, field_type_name, field_order_number, pattern, sample_value, document_type_id) VALUES (2,now(),now(),'LONG','Part Number','Part Number', 2, '998[0-9]{9}', '998xxxxxxxxx', 6);
INSERT INTO field_type(id, creation_date, last_modified, field_data_type, field_type_description, field_type_name, field_order_number, pattern, sample_value, document_type_id) VALUES (3,now(),now(),'DOUBLE','Invoice Total','Invoice Total', 3, '!Sub;Total;[0-9]{1,3},?[0-9]{1,3}\\S[0-9]{2}','wx.yz',6);
INSERT INTO field_type(id, creation_date, last_modified, field_data_type, field_type_description, field_type_name, field_order_number, pattern, sample_value, document_type_id) VALUES (4,now(),now(),'STRING','State','State', 4, 'CA|NY|AZ|NV|NJ','CA|NY|AZ|NV|NJ',6);
INSERT INTO field_type(id, creation_date, last_modified, field_data_type, field_type_description, field_type_name, field_order_number, pattern, sample_value, document_type_id) VALUES (5,now(),now(),'STRING','City','City', 5, 'Irvine|Paris|Syndey','Irvine|Paris|Syndey' ,6);
INSERT INTO field_type(id, creation_date, last_modified, field_data_type, field_type_description, field_type_name, field_order_number, pattern, sample_value, document_type_id) VALUES (6,now(),now(),'DATE','Invoice Date','Invoice Date', 1, 'Invoice;Date:;[0-9]{2}/[0-9]{2}/[0-9]{2,4}','dd/mm/yyyy' ,7);
INSERT INTO field_type(id, creation_date, last_modified, field_data_type, field_type_description, field_type_name, field_order_number, pattern, sample_value, document_type_id) VALUES (7,now(),now(),'LONG','Part Number','Part Number', 2, '998[0-9]{9}','998xxxxxxxxx', 7);
INSERT INTO field_type(id, creation_date, last_modified, field_data_type, field_type_description, field_type_name, field_order_number, pattern, sample_value, document_type_id) VALUES (8,now(),now(),'DOUBLE','Invoice Total','Invoice Total', 3, '!Sub;Total;[0-9]{1,3},?[0-9]{1,3}\\S[0-9]{2}','wx.yz',7);
INSERT INTO field_type(id, creation_date, last_modified, field_data_type, field_type_description, field_type_name, field_order_number, pattern, sample_value, document_type_id) VALUES (9,now(),now(),'STRING','State','State', 4, 'CA|NY|AZ|NV|NJ','CA|NY|AZ|NV|NJ' ,7);
INSERT INTO field_type(id, creation_date, last_modified, field_data_type, field_type_description, field_type_name, field_order_number, pattern, sample_value, document_type_id) VALUES (10,now(),now(),'STRING','City','City', 5, 'Irvine|Paris|Syndey','Irvine|Paris|Syndey',7);
INSERT INTO field_type(id, creation_date, last_modified, field_data_type, field_type_description, field_type_name, field_order_number, pattern, sample_value, document_type_id) VALUES (11,now(),now(),'DATE','Invoice Date','Invoice Date', 1, 'Invoice;Date:;[0-9]{2}/[0-9]{2}/[0-9]{2,4}','dd/mm/yyyy',8);
INSERT INTO field_type(id, creation_date, last_modified, field_data_type, field_type_description, field_type_name, field_order_number, pattern, sample_value, document_type_id) VALUES (12,now(),now(),'LONG','Part Number','Part Number', 2, '998[0-9]{9}','998xxxxxxxxx',8);
INSERT INTO field_type(id, creation_date, last_modified, field_data_type, field_type_description, field_type_name, field_order_number, pattern, sample_value, document_type_id) VALUES (13,now(),now(),'DOUBLE','Invoice Total','Invoice Total', 3, '!Sub;Total;[0-9]{1,3},?[0-9]{1,3}\\S[0-9]{2}','wx.yz',8);
INSERT INTO field_type(id, creation_date, last_modified, field_data_type, field_type_description, field_type_name, field_order_number, pattern, sample_value, document_type_id) VALUES (14,now(),now(),'STRING','State','State', 4, 'CA|NY|AZ|NV|NJ','CA|NY|AZ|NV|NJ',8);
INSERT INTO field_type(id, creation_date, last_modified, field_data_type, field_type_description, field_type_name, field_order_number, pattern, sample_value, document_type_id) VALUES (15,now(),now(),'STRING','City','City', 5, 'Irvine|Paris|Syndey','Irvine|Paris|Syndey' ,8);
INSERT INTO field_type(id, creation_date, last_modified, field_data_type, field_type_description, field_type_name, field_order_number, pattern, sample_value, document_type_id) VALUES (16,now(),now(),'DATE','Invoice Date','Invoice Date', 1, 'Invoice;Date:;[0-9]{2}/[0-9]{2}/[0-9]{2,4}','dd/mm/yyyy',2);
INSERT INTO field_type(id, creation_date, last_modified, field_data_type, field_type_description, field_type_name, field_order_number, pattern, sample_value, document_type_id) VALUES (17,now(),now(),'LONG','Part Number','Part Number', 2, '998[0-9]{9}','998xxxxxxxxx',2);
INSERT INTO field_type(id, creation_date, last_modified, field_data_type, field_type_description, field_type_name, field_order_number, pattern, sample_value, document_type_id) VALUES (18,now(),now(),'DOUBLE','Invoice Total','Invoice Total', 3, '!Sub;Total;[0-9]{1,3},?[0-9]{1,3}\\S[0-9]{2}','wx.yz',2);
INSERT INTO field_type(id, creation_date, last_modified, field_data_type, field_type_description, field_type_name, field_order_number, pattern, sample_value, document_type_id) VALUES (19,now(),now(),'STRING','State','State', 4, 'CA|NY|AZ|NV|NJ','CA|NY|AZ|NV|NJ',2);
INSERT INTO field_type(id, creation_date, last_modified, field_data_type, field_type_description, field_type_name, field_order_number, pattern, sample_value, document_type_id) VALUES (20,now(),now(),'STRING','City','City', 5, 'Irvine|Paris|Syndey','Irvine|Paris|Syndey' ,2);
INSERT INTO field_type(id, creation_date, last_modified, field_data_type, field_type_description, field_type_name, field_order_number, pattern, sample_value, document_type_id) VALUES (21,now(),now(),'DATE','Invoice Date','Invoice Date', 1, 'Invoice;Date:;[0-9]{2}/[0-9]{2}/[0-9]{2,4}','dd/mm/yyyy',3);
INSERT INTO field_type(id, creation_date, last_modified, field_data_type, field_type_description, field_type_name, field_order_number, pattern, sample_value, document_type_id) VALUES (22,now(),now(),'LONG','Part Number','Part Number', 2, '998[0-9]{9}','998xxxxxxxxx',3);
INSERT INTO field_type(id, creation_date, last_modified, field_data_type, field_type_description, field_type_name, field_order_number, pattern, sample_value, document_type_id) VALUES (23,now(),now(),'DOUBLE','Invoice Total','Invoice Total', 3, '!Sub;Total;[0-9]{1,3},?[0-9]{1,3}\\S[0-9]{2}','wx.yz',3);
INSERT INTO field_type(id, creation_date, last_modified, field_data_type, field_type_description, field_type_name, field_order_number, pattern, sample_value, document_type_id) VALUES (24,now(),now(),'STRING','State','State', 4, 'CA|NY|AZ|NV|NJ','CA|NY|AZ|NV|NJ',3);
INSERT INTO field_type(id, creation_date, last_modified, field_data_type, field_type_description, field_type_name, field_order_number, pattern, sample_value, document_type_id) VALUES (25,now(),now(),'STRING','City','City', 5, 'Irvine|Paris|Syndey','Irvine|Paris|Syndey' ,3);
INSERT INTO field_type(id, creation_date, last_modified, field_data_type, field_type_description, field_type_name, field_order_number, pattern, sample_value, document_type_id) VALUES (26,now(),now(),'DATE','Invoice Date','Invoice Date', 1, 'Invoice;Date:;[0-9]{2}/[0-9]{2}/[0-9]{2,4}','dd/mm/yyyy',4);
INSERT INTO field_type(id, creation_date, last_modified, field_data_type, field_type_description, field_type_name, field_order_number, pattern, sample_value, document_type_id) VALUES (27,now(),now(),'LONG','Part Number','Part Number', 2, '998[0-9]{9}','998xxxxxxxxx',4);
INSERT INTO field_type(id, creation_date, last_modified, field_data_type, field_type_description, field_type_name, field_order_number, pattern, sample_value, document_type_id) VALUES (28,now(),now(),'DOUBLE','Invoice Total','Invoice Total', 3, '!Sub;Total;[0-9]{1,3},?[0-9]{1,3}\\S[0-9]{2}','wx.yz',4);
INSERT INTO field_type(id, creation_date, last_modified, field_data_type, field_type_description, field_type_name, field_order_number, pattern, sample_value, document_type_id) VALUES (29,now(),now(),'STRING','State','State', 4, 'CA|NY|AZ|NV|NJ','CA|NY|AZ|NV|NJ',4);
INSERT INTO field_type(id, creation_date, last_modified, field_data_type, field_type_description, field_type_name, field_order_number, pattern, sample_value, document_type_id) VALUES (30,now(),now(),'STRING','City','City', 5, 'Irvine|Paris|Syndey','Irvine|Paris|Syndey' ,4);
INSERT INTO field_type(id, creation_date, last_modified, field_data_type, field_type_description, field_type_name, field_order_number, pattern, sample_value, document_type_id) VALUES (31,now(),now(),'DATE','Invoice Date','Invoice Date', 1, 'Invoice;Date:;[0-9]{2}/[0-9]{2}/[0-9]{2,4}','dd/mm/yyyy',9);
INSERT INTO field_type(id, creation_date, last_modified, field_data_type, field_type_description, field_type_name, field_order_number, pattern, sample_value, document_type_id) VALUES (32,now(),now(),'LONG','Part Number','Part Number', 2, '998[0-9]{9}','998xxxxxxxxx',9);
INSERT INTO field_type(id, creation_date, last_modified, field_data_type, field_type_description, field_type_name, field_order_number, pattern, sample_value, document_type_id) VALUES (33,now(),now(),'DOUBLE','Invoice Total','Invoice Total', 3, '!Sub;Total;[0-9]{1,3},?[0-9]{1,3}\\S[0-9]{2}','wx.yz',9);
INSERT INTO field_type(id, creation_date, last_modified, field_data_type, field_type_description, field_type_name, field_order_number, pattern, sample_value, document_type_id) VALUES (34,now(),now(),'STRING','State','State', 4, 'CA|NY|AZ|NV|NJ','CA|NY|AZ|NV|NJ',9);
INSERT INTO field_type(id, creation_date, last_modified, field_data_type, field_type_description, field_type_name, field_order_number, pattern, sample_value, document_type_id) VALUES (35,now(),now(),'STRING','City','City', 5, 'Irvine|Paris|Syndey','Irvine|Paris|Syndey' ,9);
INSERT INTO field_type(id, creation_date, last_modified, field_data_type, field_type_description, field_type_name, field_order_number, pattern, sample_value, document_type_id) VALUES (36,now(),now(),'DATE','Invoice Date','Invoice Date', 1, 'Invoice;Date:;[0-9]{2}/[0-9]{2}/[0-9]{2,4}','dd/mm/yyyy',10);
INSERT INTO field_type(id, creation_date, last_modified, field_data_type, field_type_description, field_type_name, field_order_number, pattern, sample_value, document_type_id) VALUES (37,now(),now(),'LONG','Part Number','Part Number', 2, '998[0-9]{9}','998xxxxxxxxx',10);
INSERT INTO field_type(id, creation_date, last_modified, field_data_type, field_type_description, field_type_name, field_order_number, pattern, sample_value, document_type_id) VALUES (38,now(),now(),'DOUBLE','Invoice Total','Invoice Total', 3, '!Sub;Total;[0-9]{1,3},?[0-9]{1,3}\\S[0-9]{2}','wx.yz',10);
INSERT INTO field_type(id, creation_date, last_modified, field_data_type, field_type_description, field_type_name, field_order_number, pattern, sample_value, document_type_id) VALUES (39,now(),now(),'STRING','State','State', 4, 'CA|NY|AZ|NV|NJ','CA|NY|AZ|NV|NJ',10);
INSERT INTO field_type(id, creation_date, last_modified, field_data_type, field_type_description, field_type_name, field_order_number, pattern, sample_value, document_type_id) VALUES (40,now(),now(),'STRING','City','City', 5, 'Irvine|Paris|Syndey','Irvine|Paris|Syndey' ,10);
INSERT INTO field_type(id, creation_date, last_modified, field_data_type, field_type_description, field_type_name, field_order_number, pattern, sample_value, document_type_id) VALUES (41,now(),now(),'DATE','Invoice Date','Invoice Date', 1, 'Invoice;Date:;[0-9]{2}/[0-9]{2}/[0-9]{2,4}','dd/mm/yyyy',11);
INSERT INTO field_type(id, creation_date, last_modified, field_data_type, field_type_description, field_type_name, field_order_number, pattern, sample_value, document_type_id) VALUES (42,now(),now(),'LONG','Part Number','Part Number', 2, '998[0-9]{9}','998xxxxxxxxx',11);
INSERT INTO field_type(id, creation_date, last_modified, field_data_type, field_type_description, field_type_name, field_order_number, pattern, sample_value, document_type_id) VALUES (43,now(),now(),'DOUBLE','Invoice Total','Invoice Total', 3, '!Sub;Total;[0-9]{1,3},?[0-9]{1,3}\\S[0-9]{2}','wx.yz',11);
INSERT INTO field_type(id, creation_date, last_modified, field_data_type, field_type_description, field_type_name, field_order_number, pattern, sample_value, document_type_id) VALUES (44,now(),now(),'STRING','State','State', 4, 'CA|NY|AZ|NV|NJ','CA|NY|AZ|NV|NJ',11);
INSERT INTO field_type(id, creation_date, last_modified, field_data_type, field_type_description, field_type_name, field_order_number, pattern, sample_value, document_type_id) VALUES (45,now(),now(),'STRING','City','City', 5, 'Irvine|Paris|Syndey','Irvine|Paris|Syndey' ,11);
INSERT INTO field_type(id, creation_date, last_modified, field_data_type, field_type_description, field_type_name, field_order_number, pattern, sample_value, document_type_id) VALUES (46,now(),now(),'DATE','Invoice Date','Invoice Date', 1, 'Invoice;Date:;[0-9]{2}/[0-9]{2}/[0-9]{2,4}','dd/mm/yyyy',12);
INSERT INTO field_type(id, creation_date, last_modified, field_data_type, field_type_description, field_type_name, field_order_number, pattern, sample_value, document_type_id) VALUES (47,now(),now(),'LONG','Part Number','Part Number', 2, '998[0-9]{9}','998xxxxxxxxx',12);
INSERT INTO field_type(id, creation_date, last_modified, field_data_type, field_type_description, field_type_name, field_order_number, pattern, sample_value, document_type_id) VALUES (48,now(),now(),'DOUBLE','Invoice Total','Invoice Total', 3, '!Sub;Total;[0-9]{1,3},?[0-9]{1,3}\\S[0-9]{2}','wx.yz',12);
INSERT INTO field_type(id, creation_date, last_modified, field_data_type, field_type_description, field_type_name, field_order_number, pattern, sample_value, document_type_id) VALUES (49,now(),now(),'STRING','State','State', 4, 'CA|NY|AZ|NV|NJ','CA|NY|AZ|NV|NJ',12);
INSERT INTO field_type(id, creation_date, last_modified, field_data_type, field_type_description, field_type_name, field_order_number, pattern, sample_value, document_type_id) VALUES (50,now(),now(),'STRING','City','City', 5, 'Irvine|Paris|Syndey','Irvine|Paris|Syndey' ,12);
INSERT INTO field_type(id, creation_date, last_modified, field_data_type, field_type_description, field_type_name, field_order_number, pattern, sample_value, document_type_id) VALUES (51,now(),now(),'STRING','Field1','Field1', 1, '[0-9]','x',13);
INSERT INTO field_type(id, creation_date, last_modified, field_data_type, field_type_description, field_type_name, field_order_number, pattern, sample_value, document_type_id) VALUES (52,now(),now(),'STRING','Field2','Field2', 2, '[0-9]','x',13);
INSERT INTO field_type(id, creation_date, last_modified, field_data_type, field_type_description, field_type_name, field_order_number, pattern, sample_value, document_type_id) VALUES (53,now(),now(),'DATE','Field3','Field3', 3, '[0-9]','x',13);
INSERT INTO field_type(id, creation_date, last_modified, field_data_type, field_type_description, field_type_name, field_order_number, pattern, sample_value, document_type_id) VALUES (54,now(),now(),'STRING','Field4','Field4', 4, '[0-9]','x',13);
INSERT INTO field_type(id, creation_date, last_modified, field_data_type, field_type_description, field_type_name, field_order_number, pattern, sample_value, document_type_id) VALUES (55,now(),now(),'STRING','Field5','Field5', 5, '[0-9]','x',13);
INSERT INTO field_type(id, creation_date, last_modified, field_data_type, field_type_description, field_type_name, field_order_number, pattern, sample_value, document_type_id) VALUES (56,now(),now(),'STRING','Field1','Field1', 1, '[0-9]','x',14);
INSERT INTO field_type(id, creation_date, last_modified, field_data_type, field_type_description, field_type_name, field_order_number, pattern, sample_value, document_type_id) VALUES (57,now(),now(),'DATE','Invoice Date','Invoice Date', 1, 'Invoice;Date:;[0-9]{2}/[0-9]{2}/[0-9]{2,4}', 'dd/mm/yyyy', 17);
INSERT INTO field_type(id, creation_date, last_modified, field_data_type, field_type_description, field_type_name, field_order_number, pattern, sample_value, document_type_id) VALUES (58,now(),now(),'LONG','Part Number','Part Number', 2, '998[0-9]{9}', '998xxxxxxxxx', 17);
INSERT INTO field_type(id, creation_date, last_modified, field_data_type, field_type_description, field_type_name, field_order_number, pattern, sample_value, document_type_id) VALUES (59,now(),now(),'DOUBLE','Invoice Total','Invoice Total', 3, '!Sub;Total;[0-9]{1,3},?[0-9]{1,3}\\S[0-9]{2}','wx.yz',17);
INSERT INTO field_type(id, creation_date, last_modified, field_data_type, field_type_description, field_type_name, field_order_number, pattern, sample_value, document_type_id) VALUES (60,now(),now(),'STRING','State','State', 4, 'CA|NY|AZ|NV|NJ','CA|NY|AZ|NV|NJ',17);
INSERT INTO field_type(id, creation_date, last_modified, field_data_type, field_type_description, field_type_name, field_order_number, pattern, sample_value, document_type_id) VALUES (61,now(),now(),'STRING','City','City', 5, 'Irvine|Paris|Syndey','Irvine|Paris|Syndey' ,17);
INSERT INTO field_type(id, creation_date, last_modified, field_data_type, field_type_description, field_type_name, field_order_number, pattern, sample_value, document_type_id) VALUES (62,now(),now(),'DATE','Invoice Date','Invoice Date', 1, 'Invoice;Date:;[0-9]{2}/[0-9]{2}/[0-9]{2,4}', 'dd/mm/yyyy', 18);
INSERT INTO field_type(id, creation_date, last_modified, field_data_type, field_type_description, field_type_name, field_order_number, pattern, sample_value, document_type_id) VALUES (63,now(),now(),'LONG','Part Number','Part Number', 2, '998[0-9]{9}', '998xxxxxxxxx', 18);
INSERT INTO field_type(id, creation_date, last_modified, field_data_type, field_type_description, field_type_name, field_order_number, pattern, sample_value, document_type_id) VALUES (64,now(),now(),'DOUBLE','Invoice Total','Invoice Total', 3, '!Sub;Total;[0-9]{1,3},?[0-9]{1,3}\\S[0-9]{2}','wx.yz',18);
INSERT INTO field_type(id, creation_date, last_modified, field_data_type, field_type_description, field_type_name, field_order_number, pattern, sample_value, document_type_id) VALUES (65,now(),now(),'STRING','State','State', 4, 'CA|NY|AZ|NV|NJ','CA|NY|AZ|NV|NJ',18);
INSERT INTO field_type(id, creation_date, last_modified, field_data_type, field_type_description, field_type_name, field_order_number, pattern, sample_value, document_type_id) VALUES (66,now(),now(),'STRING','City','City', 5, 'Irvine|Paris|Syndey','Irvine|Paris|Syndey' ,18);
INSERT INTO field_type(id, creation_date, last_modified, field_data_type, field_type_description, field_type_name, field_order_number, pattern, sample_value, document_type_id) VALUES (67,now(),now(),'DATE','Invoice Date','Invoice Date', 1, 'Invoice;Date:;[0-9]{2}/[0-9]{2}/[0-9]{2,4}', 'dd/mm/yyyy', 19);
INSERT INTO field_type(id, creation_date, last_modified, field_data_type, field_type_description, field_type_name, field_order_number, pattern, sample_value, document_type_id) VALUES (68,now(),now(),'LONG','Part Number','Part Number', 2, '998[0-9]{9}', '998xxxxxxxxx', 19);
INSERT INTO field_type(id, creation_date, last_modified, field_data_type, field_type_description, field_type_name, field_order_number, pattern, sample_value, document_type_id) VALUES (69,now(),now(),'DOUBLE','Invoice Total','Invoice Total', 3, '!Sub;Total;[0-9]{1,3},?[0-9]{1,3}\\S[0-9]{2}','wx.yz',19);
INSERT INTO field_type(id, creation_date, last_modified, field_data_type, field_type_description, field_type_name, field_order_number, pattern, sample_value, document_type_id) VALUES (70,now(),now(),'STRING','State','State', 4, 'CA|NY|AZ|NV|NJ','CA|NY|AZ|NV|NJ',19);
INSERT INTO field_type(id, creation_date, last_modified, field_data_type, field_type_description, field_type_name, field_order_number, pattern, sample_value, document_type_id) VALUES (71,now(),now(),'STRING','City','City', 5, 'Irvine|Paris|Syndey','Irvine|Paris|Syndey' ,19);

 
/*Page Type*/
INSERT INTO page_type(id, creation_date, last_modified, page_type_description, page_type_name, document_type_id) VALUES (1,now(),now(),'Application-Checklist_First_Page page','Application-Checklist_First_Page',2);
INSERT INTO page_type(id, creation_date, last_modified, page_type_description, page_type_name, document_type_id) VALUES (2,now(),now(),'Application-Checklist_Middle_Page page','Application-Checklist_Middle_Page',2);
INSERT INTO page_type(id, creation_date, last_modified, page_type_description, page_type_name, document_type_id) VALUES (3,now(),now(),'Application-Checklist_Last_Page page','Application-Checklist_Last_Page',2);
INSERT INTO page_type(id, creation_date, last_modified, page_type_description, page_type_name, document_type_id) VALUES (4,now(),now(),'Workers-Comp-02_First_Page page','Workers-Comp-02_First_Page',3);
INSERT INTO page_type(id, creation_date, last_modified, page_type_description, page_type_name, document_type_id) VALUES (5,now(),now(),'Workers-Comp-02_Middle_Page page','Workers-Comp-02_Middle_Page',3);
INSERT INTO page_type(id, creation_date, last_modified, page_type_description, page_type_name, document_type_id) VALUES (6,now(),now(),'Workers-Comp-02_Last_Page page','Workers-Comp-02_Last_Page',3);
INSERT INTO page_type(id, creation_date, last_modified, page_type_description, page_type_name, document_type_id) VALUES (7,now(),now(),'US-Invoice-Data_First_Page page','US-Invoice-Data_First_Page',4);
INSERT INTO page_type(id, creation_date, last_modified, page_type_description, page_type_name, document_type_id) VALUES (8,now(),now(),'US-Invoice-Data_Middle_Page page','US-Invoice-Data_Middle_Page',4);
INSERT INTO page_type(id, creation_date, last_modified, page_type_description, page_type_name, document_type_id) VALUES (9,now(),now(),'US-Invoice-Data_Last_Page page','US-Invoice-Data_Last_Page',4);
INSERT INTO page_type(id, creation_date, last_modified, page_type_description, page_type_name, document_type_id) VALUES (10,now(),now(),'Application-Checklist_First_Page page','Application-Checklist_First_Page',6);
INSERT INTO page_type(id, creation_date, last_modified, page_type_description, page_type_name, document_type_id) VALUES (11,now(),now(),'Application-Checklist_Middle_Page page','Application-Checklist_Middle_Page',6);
INSERT INTO page_type(id, creation_date, last_modified, page_type_description, page_type_name, document_type_id) VALUES (12,now(),now(),'Application-Checklist_Last_Page page','Application-Checklist_Last_Page',6);
INSERT INTO page_type(id, creation_date, last_modified, page_type_description, page_type_name, document_type_id) VALUES (13,now(),now(),'Workers-Comp-02_First_Page page','Workers-Comp-02_First_Page',7);
INSERT INTO page_type(id, creation_date, last_modified, page_type_description, page_type_name, document_type_id) VALUES (14,now(),now(),'Workers-Comp-02_Middle_Page page','Workers-Comp-02_Middle_Page',7);
INSERT INTO page_type(id, creation_date, last_modified, page_type_description, page_type_name, document_type_id) VALUES (15,now(),now(),'Workers-Comp-02_Last_Page page','Workers-Comp-02_Last_Page',7);
INSERT INTO page_type(id, creation_date, last_modified, page_type_description, page_type_name, document_type_id) VALUES (16,now(),now(),'US-Invoice-Data_First_Page page','US-Invoice-Data_First_Page',8);
INSERT INTO page_type(id, creation_date, last_modified, page_type_description, page_type_name, document_type_id) VALUES (17,now(),now(),'US-Invoice-Data_Middle_Page page','US-Invoice-Data_Middle_Page',8);
INSERT INTO page_type(id, creation_date, last_modified, page_type_description, page_type_name, document_type_id) VALUES (18,now(),now(),'US-Invoice-Data_Last_Page page','US-Invoice-Data_Last_Page',8);
INSERT INTO page_type(id, creation_date, last_modified, page_type_description, page_type_name, document_type_id) VALUES (19,now(),now(),'Invoice-Table_First_Page page','Invoice-Table_First_Page',9);
INSERT INTO page_type(id, creation_date, last_modified, page_type_description, page_type_name, document_type_id) VALUES (20,now(),now(),'Invoice-Table_Middle_Page page','Invoice-Table_Middle_Page',9);
INSERT INTO page_type(id, creation_date, last_modified, page_type_description, page_type_name, document_type_id) VALUES (21,now(),now(),'Invoice-Table_Last_Page page','Invoice-Table_Last_Page',9);
INSERT INTO page_type(id, creation_date, last_modified, page_type_description, page_type_name, document_type_id) VALUES (22,now(),now(),'Invoice-Table_First_Page page','Invoice-Table_First_Page',10);
INSERT INTO page_type(id, creation_date, last_modified, page_type_description, page_type_name, document_type_id) VALUES (23,now(),now(),'Invoice-Table_Middle_Page page','Invoice-Table_Middle_Page',10);
INSERT INTO page_type(id, creation_date, last_modified, page_type_description, page_type_name, document_type_id) VALUES (24,now(),now(),'Invoice-Table_Last_Page page','Invoice-Table_Last_Page',10);
INSERT INTO page_type(id, creation_date, last_modified, page_type_description, page_type_name, document_type_id) VALUES (25,now(),now(),'US Invoice_First_Page page','US Invoice_First_Page',11);
INSERT INTO page_type(id, creation_date, last_modified, page_type_description, page_type_name, document_type_id) VALUES (26,now(),now(),'US Invoice_Middle_Page page','US Invoice_Middle_Page',11);
INSERT INTO page_type(id, creation_date, last_modified, page_type_description, page_type_name, document_type_id) VALUES (27,now(),now(),'US Invoice_Last_Page page','US Invoice_Last_Page',11);
INSERT INTO page_type(id, creation_date, last_modified, page_type_description, page_type_name, document_type_id) VALUES (28,now(),now(),'US Invoice_First_Page page','US Invoice_First_Page',12);
INSERT INTO page_type(id, creation_date, last_modified, page_type_description, page_type_name, document_type_id) VALUES (29,now(),now(),'US Invoice_Middle_Page page','US Invoice_Middle_Page',12);
INSERT INTO page_type(id, creation_date, last_modified, page_type_description, page_type_name, document_type_id) VALUES (30,now(),now(),'US Invoice_Last_Page page','US Invoice_Last_Page',12);
INSERT INTO page_type(id, creation_date, last_modified, page_type_description, page_type_name, document_type_id) VALUES (31,now(),now(),'Voting_Pharmacy_First_Page page','Voting_Pharmacy_First_Page',13);
INSERT INTO page_type(id, creation_date, last_modified, page_type_description, page_type_name, document_type_id) VALUES (32,now(),now(),'Voting_Pharmacy_Middle_Page page','Voting_Pharmacy_Middle_Page',13);
INSERT INTO page_type(id, creation_date, last_modified, page_type_description, page_type_name, document_type_id) VALUES (33,now(),now(),'Voting_Pharmacy_Last_Page page','Voting_Pharmacy_Last_Page',13);
INSERT INTO page_type(id, creation_date, last_modified, page_type_description, page_type_name, document_type_id) VALUES (34,now(),now(),'Voting_Machine_First_Page page','Voting_Machine_First_Page',14);
INSERT INTO page_type(id, creation_date, last_modified, page_type_description, page_type_name, document_type_id) VALUES (35,now(),now(),'Voting_Machine_Middle_Page page','Voting_Machine_Middle_Page',14);
INSERT INTO page_type(id, creation_date, last_modified, page_type_description, page_type_name, document_type_id) VALUES (36,now(),now(),'Voting_Machine_Last_Page page','Voting_Machine_Last_Page',14);
INSERT INTO page_type(id, creation_date, last_modified, page_type_description, page_type_name, document_type_id) VALUES (37,now(),now(),'Searchable Document_First_Page page','Searchable Document_First_Page',15);
INSERT INTO page_type(id, creation_date, last_modified, page_type_description, page_type_name, document_type_id) VALUES (38,now(),now(),'Searchable Document_Middle_Page page','Searchable Document_Middle_Page',15);
INSERT INTO page_type(id, creation_date, last_modified, page_type_description, page_type_name, document_type_id) VALUES (39,now(),now(),'Searchable Document_Last_Page page','Searchable Document_Last_Page',15);
INSERT INTO page_type(id, creation_date, last_modified, page_type_description, page_type_name, document_type_id) VALUES (40,now(),now(),'Application-Checklist_First_Page page','Application-Checklist_First_Page',17);
INSERT INTO page_type(id, creation_date, last_modified, page_type_description, page_type_name, document_type_id) VALUES (41,now(),now(),'Application-Checklist_Middle_Page page','Application-Checklist_Middle_Page',17);
INSERT INTO page_type(id, creation_date, last_modified, page_type_description, page_type_name, document_type_id) VALUES (42,now(),now(),'Application-Checklist_Last_Page page','Application-Checklist_Last_Page',17);
INSERT INTO page_type(id, creation_date, last_modified, page_type_description, page_type_name, document_type_id) VALUES (43,now(),now(),'Workers-Comp-02_First_Page page','Workers-Comp-02_First_Page',18);
INSERT INTO page_type(id, creation_date, last_modified, page_type_description, page_type_name, document_type_id) VALUES (44,now(),now(),'Workers-Comp-02_Middle_Page page','Workers-Comp-02_Middle_Page',18);
INSERT INTO page_type(id, creation_date, last_modified, page_type_description, page_type_name, document_type_id) VALUES (45,now(),now(),'Workers-Comp-02_Last_Page page','Workers-Comp-02_Last_Page',18);
INSERT INTO page_type(id, creation_date, last_modified, page_type_description, page_type_name, document_type_id) VALUES (46,now(),now(),'US-Invoice-Data_First_Page page','US-Invoice-Data_First_Page',19);
INSERT INTO page_type(id, creation_date, last_modified, page_type_description, page_type_name, document_type_id) VALUES (47,now(),now(),'US-Invoice-Data_Middle_Page page','US-Invoice-Data_Middle_Page',19);
INSERT INTO page_type(id, creation_date, last_modified, page_type_description, page_type_name, document_type_id) VALUES (48,now(),now(),'US-Invoice-Data_Last_Page page','US-Invoice-Data_Last_Page',19);



/*Key Value Extraction*/
INSERT INTO kv_extraction(id,creation_date,last_modified,key_pattern,location,value_pattern,field_type_id) VALUES (1,sysdate(),now(),'completed','TOP_LEFT','Please',1);
INSERT INTO kv_extraction(id,creation_date,last_modified,key_pattern,location,value_pattern,field_type_id) VALUES (2,now(),now(),'checklist','TOP_RIGHT','prior',2);
INSERT INTO kv_extraction(id,creation_date,last_modified,key_pattern,location,value_pattern,field_type_id) VALUES (3,now(),now(),'the','TOP','help',3);
INSERT INTO kv_extraction(id,creation_date,last_modified,key_pattern,location,value_pattern,field_type_id) VALUES (4,now(),now(),'checklist','LEFT','completed',4);
INSERT INTO kv_extraction(id,creation_date,last_modified,key_pattern,location,value_pattern,field_type_id) VALUES (5,now(),now(),'with','RIGHT','beneficial',5);
INSERT INTO kv_extraction(id,creation_date,last_modified,key_pattern,location,value_pattern,field_type_id) VALUES (6,now(),now(),'deposit','BOTTOM_RIGHT','states',6);
INSERT INTO kv_extraction(id,creation_date,last_modified,key_pattern,location,value_pattern,field_type_id) VALUES (7,now(),now(),'association','BOTTOM','set',7);
INSERT INTO kv_extraction(id,creation_date,last_modified,key_pattern,location,value_pattern,field_type_id) VALUES (8,now(),now(),'order','BOTTOM_LEFT','must',8);
INSERT INTO kv_extraction(id,creation_date,last_modified,key_pattern,location,value_pattern,field_type_id) VALUES (9,now(),now(),'association','BOTTOM','set',9);
INSERT INTO kv_extraction(id,creation_date,last_modified,key_pattern,location,value_pattern,field_type_id) VALUES (10,now(),now(),'order','BOTTOM_LEFT','must',10);
INSERT INTO kv_extraction(id,creation_date,last_modified,key_pattern,location,value_pattern,field_type_id) VALUES (11,now(),now(),'Date','RIGHT','[0-9]{2}/[0-9]{2}/[0-9]{2,4}',11);
INSERT INTO kv_extraction(id,creation_date,last_modified,key_pattern,location,value_pattern,field_type_id) VALUES (12,now(),now(),'Part','BOTTOM','998[0-9]{9}',12);
INSERT INTO kv_extraction(id,creation_date,last_modified,key_pattern,location,value_pattern,field_type_id) VALUES (13,now(),now(),'Total','RIGHT','[0-9]{1,3},?[0-9]{1,3}\\S[0-9]{2}',13);
INSERT INTO kv_extraction(id,creation_date,last_modified,key_pattern,location,value_pattern,field_type_id) VALUES (14,now(),now(),'Hills','BOTTOM_LEFT','CA|NY|AZ|NV|NJ',14);
INSERT INTO kv_extraction(id,creation_date,last_modified,key_pattern,location,value_pattern,field_type_id) VALUES (15,now(),now(),'Belverly','BOTTOM','Irvine',15);
INSERT INTO kv_extraction(id,creation_date,last_modified,key_pattern,location,value_pattern,field_type_id) VALUES (16,now(),now(),'completed','TOP_LEFT','Please',16);
INSERT INTO kv_extraction(id,creation_date,last_modified,key_pattern,location,value_pattern,field_type_id) VALUES (17,now(),now(),'checklist','TOP_RIGHT','prior',17);
INSERT INTO kv_extraction(id,creation_date,last_modified,key_pattern,location,value_pattern,field_type_id) VALUES (18,now(),now(),'the','TOP','help',18);
INSERT INTO kv_extraction(id,creation_date,last_modified,key_pattern,location,value_pattern,field_type_id) VALUES (19,now(),now(),'checklist','LEFT','completed',19);
INSERT INTO kv_extraction(id,creation_date,last_modified,key_pattern,location,value_pattern,field_type_id) VALUES (20,now(),now(),'with','RIGHT','beneficial',20);
INSERT INTO kv_extraction(id,creation_date,last_modified,key_pattern,location,value_pattern,field_type_id) VALUES (21,now(),now(),'deposit','BOTTOM_RIGHT','states',21);
INSERT INTO kv_extraction(id,creation_date,last_modified,key_pattern,location,value_pattern,field_type_id) VALUES (22,now(),now(),'association','BOTTOM','set',22);
INSERT INTO kv_extraction(id,creation_date,last_modified,key_pattern,location,value_pattern,field_type_id) VALUES (23,now(),now(),'order','BOTTOM_LEFT','must',23);
INSERT INTO kv_extraction(id,creation_date,last_modified,key_pattern,location,value_pattern,field_type_id) VALUES (24,now(),now(),'association','BOTTOM','set',24);
INSERT INTO kv_extraction(id,creation_date,last_modified,key_pattern,location,value_pattern,field_type_id) VALUES (25,now(),now(),'order','BOTTOM_LEFT','must',25);
INSERT INTO kv_extraction(id,creation_date,last_modified,key_pattern,location,value_pattern,field_type_id) VALUES (26,now(),now(),'Date','RIGHT','[0-9]{2}/[0-9]{2}/[0-9]{2,4}',26);
INSERT INTO kv_extraction(id,creation_date,last_modified,key_pattern,location,value_pattern,field_type_id) VALUES (27,now(),now(),'Pa*r*t','BOTTOM','998[0-9]{9}',27);
INSERT INTO kv_extraction(id,creation_date,last_modified,key_pattern,location,value_pattern,field_type_id) VALUES (28,now(),now(),'Total','RIGHT','[0-9]{1,3},?[0-9]{1,3}\\S[0-9]{2}',28);
INSERT INTO kv_extraction(id,creation_date,last_modified,key_pattern,location,value_pattern,field_type_id) VALUES (29,now(),now(),'Hills','BOTTOM_LEFT','CA|NY|AZ|NV|NJ',29);
INSERT INTO kv_extraction(id,creation_date,last_modified,key_pattern,location,value_pattern,field_type_id) VALUES (30,now(),now(),'Belverly','BOTTOM','Irvine',30);
INSERT INTO kv_extraction(id,creation_date,last_modified,key_pattern,location,value_pattern,field_type_id) VALUES (31,now(),now(),'Date','RIGHT','[0-9]{2}/[0-9]{2}/[0-9]{2,4}',31);
INSERT INTO kv_extraction(id,creation_date,last_modified,key_pattern,location,value_pattern,field_type_id) VALUES (32,now(),now(),'Pa*r*t','BOTTOM','998[0-9]{9}',32);
INSERT INTO kv_extraction(id,creation_date,last_modified,key_pattern,location,value_pattern,field_type_id) VALUES (33,now(),now(),'Total','RIGHT','[0-9]{1,3},?[0-9]{1,3}\\S[0-9]{2}',33);
INSERT INTO kv_extraction(id,creation_date,last_modified,key_pattern,location,value_pattern,field_type_id) VALUES (34,now(),now(),'Hills','BOTTOM_LEFT','CA|NY|AZ|NV|NJ',34);
INSERT INTO kv_extraction(id,creation_date,last_modified,key_pattern,location,value_pattern,field_type_id) VALUES (35,now(),now(),'Belverly','BOTTOM','Irvine',35);
INSERT INTO kv_extraction(id,creation_date,last_modified,key_pattern,location,value_pattern,field_type_id) VALUES (36,now(),now(),'Date','RIGHT','[0-9]{2}/[0-9]{2}/[0-9]{2,4}',36);
INSERT INTO kv_extraction(id,creation_date,last_modified,key_pattern,location,value_pattern,field_type_id) VALUES (37,now(),now(),'Pa*r*t','BOTTOM','998[0-9]{9}',37);
INSERT INTO kv_extraction(id,creation_date,last_modified,key_pattern,location,value_pattern,field_type_id) VALUES (38,now(),now(),'Total','RIGHT','[0-9]{1,3},?[0-9]{1,3}\\S[0-9]{2}',38);
INSERT INTO kv_extraction(id,creation_date,last_modified,key_pattern,location,value_pattern,field_type_id) VALUES (39,now(),now(),'Hills','BOTTOM_LEFT','CA|NY|AZ|NV|NJ',39);
INSERT INTO kv_extraction(id,creation_date,last_modified,key_pattern,location,value_pattern,field_type_id) VALUES (40,now(),now(),'Belverly','BOTTOM','Irvine',40);
INSERT INTO kv_extraction(id,creation_date,last_modified,key_pattern,location,value_pattern,field_type_id) VALUES (41,now(),now(),'Date','RIGHT','[0-9]{2}/[0-9]{2}/[0-9]{2,4}',41);
INSERT INTO kv_extraction(id,creation_date,last_modified,key_pattern,location,value_pattern,field_type_id) VALUES (42,now(),now(),'Pa*r*t','BOTTOM','998[0-9]{9}',42);
INSERT INTO kv_extraction(id,creation_date,last_modified,key_pattern,location,value_pattern,field_type_id) VALUES (43,now(),now(),'Total','RIGHT','[0-9]{1,3},?[0-9]{1,3}\\S[0-9]{2}',43);
INSERT INTO kv_extraction(id,creation_date,last_modified,key_pattern,location,value_pattern,field_type_id) VALUES (44,now(),now(),'Hills','BOTTOM_LEFT','CA|NY|AZ|NV|NJ',44);
INSERT INTO kv_extraction(id,creation_date,last_modified,key_pattern,location,value_pattern,field_type_id) VALUES (45,now(),now(),'Belverly','BOTTOM','Irvine',45);
INSERT INTO kv_extraction(id,creation_date,last_modified,key_pattern,location,value_pattern,field_type_id) VALUES (46,now(),now(),'Date','RIGHT','[0-9]{2}/[0-9]{2}/[0-9]{2,4}',46);
INSERT INTO kv_extraction(id,creation_date,last_modified,key_pattern,location,value_pattern,field_type_id) VALUES (47,now(),now(),'Pa*r*t','BOTTOM','998[0-9]{9}',47);
INSERT INTO kv_extraction(id,creation_date,last_modified,key_pattern,location,value_pattern,field_type_id) VALUES (48,now(),now(),'Total','RIGHT','[0-9]{1,3},?[0-9]{1,3}\\S[0-9]{2}',48);
INSERT INTO kv_extraction(id,creation_date,last_modified,key_pattern,location,value_pattern,field_type_id) VALUES (49,now(),now(),'Hills','BOTTOM_LEFT','CA|NY|AZ|NV|NJ',49);
INSERT INTO kv_extraction(id,creation_date,last_modified,key_pattern,location,value_pattern,field_type_id) VALUES (50,now(),now(),'Belverly','BOTTOM','Irvine',50);
INSERT INTO kv_extraction(id,creation_date,last_modified,key_pattern,location,value_pattern,field_type_id) VALUES (51,now(),now(),'998[0-9]{9}','BOTTOM','998[0-9]{8}',27);

/*Identifiers Update*/
update batch_class set identifier = concat('BC',hex(id));
update document_type set identifier = concat('DT',hex(id));
update page_type set identifier = concat('PT',hex(id));
update field_type set identifier = concat('FT',hex(id));

/*Regular Expression inserts*/
INSERT INTO regex_validation(id, creation_date, last_modified, pattern, field_type_id) VALUES (1, now(), now(),'[0-9]{2}/[0-9]{2}/[0-9]{2,4}', 1);
INSERT INTO regex_validation(id, creation_date, last_modified, pattern, field_type_id) VALUES (2, now(), now(),'998[0-9]{9}', 2);
INSERT INTO regex_validation(id, creation_date, last_modified, pattern, field_type_id) VALUES (3, now(), now(),'[0-9]{1,3},?[0-9]{1,3}\\S[0-9]{2}', 3);
INSERT INTO regex_validation(id, creation_date, last_modified, pattern, field_type_id) VALUES (4, now(), now(),'CA|NY|AZ|NV|NJ', 4);
INSERT INTO regex_validation(id, creation_date, last_modified, pattern, field_type_id) VALUES (5, now(), now(),'Irvine|Paris|Syndey', 5);
INSERT INTO regex_validation(id, creation_date, last_modified, pattern, field_type_id) VALUES (6, now(), now(),'[0-9]{2}/[0-9]{2}/[0-9]{2,4}', 6);
INSERT INTO regex_validation(id, creation_date, last_modified, pattern, field_type_id) VALUES (7, now(), now(),'998[0-9]{9}', 7);
INSERT INTO regex_validation(id, creation_date, last_modified, pattern, field_type_id) VALUES (8, now(), now(),'[0-9]{1,3},?[0-9]{1,3}\\S[0-9]{2}', 8);
INSERT INTO regex_validation(id, creation_date, last_modified, pattern, field_type_id) VALUES (9, now(), now(),'CA|NY|AZ|NV|NJ', 9);
INSERT INTO regex_validation(id, creation_date, last_modified, pattern, field_type_id) VALUES (10, now(), now(),'Irvine|Paris|Syndey', 10);
INSERT INTO regex_validation(id, creation_date, last_modified, pattern, field_type_id) VALUES (11, now(), now(),'[0-9]{2}/[0-9]{2}/[0-9]{2,4}', 11);
INSERT INTO regex_validation(id, creation_date, last_modified, pattern, field_type_id) VALUES (12, now(), now(),'998[0-9]{9}', 12);
INSERT INTO regex_validation(id, creation_date, last_modified, pattern, field_type_id) VALUES (13, now(), now(),'[0-9]{1,3},?[0-9]{1,3}\\S[0-9]{2}', 13);
INSERT INTO regex_validation(id, creation_date, last_modified, pattern, field_type_id) VALUES (14, now(), now(),'CA|NY|AZ|NV|NJ', 14);
INSERT INTO regex_validation(id, creation_date, last_modified, pattern, field_type_id) VALUES (15, now(), now(),'Irvine|Paris|Syndey', 15);
INSERT INTO regex_validation(id, creation_date, last_modified, pattern, field_type_id) VALUES (16, now(), now(),'[0-9]{2}/[0-9]{2}/[0-9]{2,4}', 16);
INSERT INTO regex_validation(id, creation_date, last_modified, pattern, field_type_id) VALUES (17, now(), now(),'998[0-9]{9}', 17);
INSERT INTO regex_validation(id, creation_date, last_modified, pattern, field_type_id) VALUES (18, now(), now(),'[0-9]{1,3},?[0-9]{1,3}\\S[0-9]{2}', 18);
INSERT INTO regex_validation(id, creation_date, last_modified, pattern, field_type_id) VALUES (19, now(), now(),'CA|NY|AZ|NV|NJ', 19);
INSERT INTO regex_validation(id, creation_date, last_modified, pattern, field_type_id) VALUES (20, now(), now(),'Irvine|Paris|Syndey', 20);
INSERT INTO regex_validation(id, creation_date, last_modified, pattern, field_type_id) VALUES (21, now(), now(),'[0-9]{2}/[0-9]{2}/[0-9]{2,4}', 21);
INSERT INTO regex_validation(id, creation_date, last_modified, pattern, field_type_id) VALUES (22, now(), now(),'998[0-9]{9}', 22);
INSERT INTO regex_validation(id, creation_date, last_modified, pattern, field_type_id) VALUES (23, now(), now(),'[0-9]{1,3},?[0-9]{1,3}\\S[0-9]{2}', 23);
INSERT INTO regex_validation(id, creation_date, last_modified, pattern, field_type_id) VALUES (24, now(), now(),'CA|NY|AZ|NV|NJ', 24);
INSERT INTO regex_validation(id, creation_date, last_modified, pattern, field_type_id) VALUES (25, now(), now(),'Irvine|Paris|Syndey', 25);
INSERT INTO regex_validation(id, creation_date, last_modified, pattern, field_type_id) VALUES (26, now(), now(),'[0-9]{2}/[0-9]{2}/[0-9]{2,4}', 26);
INSERT INTO regex_validation(id, creation_date, last_modified, pattern, field_type_id) VALUES (27, now(), now(),'998[0-9]{9}', 27);
INSERT INTO regex_validation(id, creation_date, last_modified, pattern, field_type_id) VALUES (28, now(), now(),'[0-9]{1,3},?[0-9]{1,3}\\S[0-9]{2}', 28);
INSERT INTO regex_validation(id, creation_date, last_modified, pattern, field_type_id) VALUES (29, now(), now(),'CA|NY|AZ|NV|NJ', 29);
INSERT INTO regex_validation(id, creation_date, last_modified, pattern, field_type_id) VALUES (30, now(), now(),'Irvine|Paris|Syndey', 30);
INSERT INTO regex_validation(id, creation_date, last_modified, pattern, field_type_id) VALUES (31, now(), now(),'[0-9]{2}/[0-9]{2}/[0-9]{2,4}', 31);
INSERT INTO regex_validation(id, creation_date, last_modified, pattern, field_type_id) VALUES (32, now(), now(),'998[0-9]{9}', 32);
INSERT INTO regex_validation(id, creation_date, last_modified, pattern, field_type_id) VALUES (33, now(), now(),'[0-9]{1,3},?[0-9]{1,3}\\S[0-9]{2}', 33);
INSERT INTO regex_validation(id, creation_date, last_modified, pattern, field_type_id) VALUES (34, now(), now(),'CA|NY|AZ|NV|NJ', 34);
INSERT INTO regex_validation(id, creation_date, last_modified, pattern, field_type_id) VALUES (35, now(), now(),'Irvine|Paris|Syndey', 35);
INSERT INTO regex_validation(id, creation_date, last_modified, pattern, field_type_id) VALUES (36, now(), now(),'[0-9]{2}/[0-9]{2}/[0-9]{2,4}', 36);
INSERT INTO regex_validation(id, creation_date, last_modified, pattern, field_type_id) VALUES (37, now(), now(),'998[0-9]{9}', 37);
INSERT INTO regex_validation(id, creation_date, last_modified, pattern, field_type_id) VALUES (38, now(), now(),'[0-9]{1,3},?[0-9]{1,3}\\S[0-9]{2}', 38);
INSERT INTO regex_validation(id, creation_date, last_modified, pattern, field_type_id) VALUES (39, now(), now(),'CA|NY|AZ|NV|NJ', 39);
INSERT INTO regex_validation(id, creation_date, last_modified, pattern, field_type_id) VALUES (40, now(), now(),'Irvine|Paris|Syndey', 40);
INSERT INTO regex_validation(id, creation_date, last_modified, pattern, field_type_id) VALUES (41, now(), now(),'[0-9]{2}/[0-9]{2}/[0-9]{2,4}', 41);
INSERT INTO regex_validation(id, creation_date, last_modified, pattern, field_type_id) VALUES (42, now(), now(),'998[0-9]{9}', 42);
INSERT INTO regex_validation(id, creation_date, last_modified, pattern, field_type_id) VALUES (43, now(), now(),'[0-9]{1,3},?[0-9]{1,3}\\S[0-9]{2}', 43);
INSERT INTO regex_validation(id, creation_date, last_modified, pattern, field_type_id) VALUES (44, now(), now(),'CA|NY|AZ|NV|NJ', 44);
INSERT INTO regex_validation(id, creation_date, last_modified, pattern, field_type_id) VALUES (45, now(), now(),'Irvine|Paris|Syndey', 45);
INSERT INTO regex_validation(id, creation_date, last_modified, pattern, field_type_id) VALUES (46, now(), now(),'[0-9]{2}/[0-9]{2}/[0-9]{2,4}', 46);
INSERT INTO regex_validation(id, creation_date, last_modified, pattern, field_type_id) VALUES (47, now(), now(),'998[0-9]{9}', 47);
INSERT INTO regex_validation(id, creation_date, last_modified, pattern, field_type_id) VALUES (48, now(), now(),'[0-9]{1,3},?[0-9]{1,3}\\S[0-9]{2}', 48);
INSERT INTO regex_validation(id, creation_date, last_modified, pattern, field_type_id) VALUES (49, now(), now(),'CA|NY|AZ|NV|NJ', 49);
INSERT INTO regex_validation(id, creation_date, last_modified, pattern, field_type_id) VALUES (50, now(), now(),'Irvine|Paris|Syndey', 50);

/*Table Info Insaerts*/
INSERT INTO table_info(id, creation_date, last_modified, table_name, start_pattern, end_pattern, document_type_id) VALUES (1, now(), now(),'Invoice Table', 'TERMS:', 'DEPOSITS', 9);
INSERT INTO table_info(id, creation_date, last_modified, table_name, start_pattern, end_pattern, document_type_id) VALUES (2, now(), now(),'Invoice T', 'TERMS:', 'asdsadsadasd', 9);

/*Table Columns Info Insaerts*/
INSERT INTO table_columns_info(creation_date, last_modified, column_name, column_pattern, between_left, between_right, table_info_id) VALUES (now(), now(),'ITEM NO.','[0-9]{5,6}', '', '[0-9]{1}', 1);
INSERT INTO table_columns_info(creation_date, last_modified, column_name, column_pattern, between_left, between_right, table_info_id) VALUES (now(), now(),'ORDERED','[0-9]{1}', '[0-9]{5,6}', '', 1);
INSERT INTO table_columns_info(creation_date, last_modified, column_name, column_pattern, between_left, between_right, table_info_id) VALUES (now(), now(),'PRICE', '[0-9]{1,3}\\S[0-9]{2}', '', '[0-9]{1,3}\\S[0-9]{2}', 1);
INSERT INTO table_columns_info(creation_date, last_modified, column_name, column_pattern, between_left, between_right, table_info_id) VALUES (now(), now(),'EXTENSION', '[0-9]{1,3}\\S[0-9]{2}', '[0-9]{1,3}\\S[0-9]{2}', '', 1);
INSERT INTO table_columns_info(creation_date, last_modified, column_name, column_pattern, between_left, between_right, table_info_id) VALUES (now(), now(),'ITEM NO.','[0-9]{5,6}', '', '[0-9]{1}', 2);
INSERT INTO table_columns_info(creation_date, last_modified, column_name, column_pattern, between_left, between_right, table_info_id) VALUES (now(), now(),'ORDERED','[0-9]{1}', '[0-9]{5,6}', '', 2);
INSERT INTO table_columns_info(creation_date, last_modified, column_name, column_pattern, between_left, between_right, table_info_id) VALUES (now(), now(),'PRICE', '[0-9]{1,3}\\S[0-9]{2}', '', '[0-9]{1,3}\\S[0-9]{2}', 2);
INSERT INTO table_columns_info(creation_date, last_modified, column_name, column_pattern, between_left, between_right, table_info_id) VALUES (now(), now(),'EXTENSION', '[0-9]{1,3}\\S[0-9]{2}', '[0-9]{1,3}\\S[0-9]{2}', '', 2);

/*Sample tables/inserts for Fuzzy DB*/
CREATE TABLE us_invoice (id bigint(20) NOT NULL AUTO_INCREMENT, invoice_date datetime DEFAULT NULL,part_number bigint(20) DEFAULT NULL,invoice_total double(20,2) DEFAULT NULL,state varchar(255) DEFAULT NULL,city varchar(255) DEFAULT NULL, PRIMARY KEY (id));
INSERT INTO us_invoice(id, invoice_date, part_number, invoice_total, state, city) VALUES (1,now(),11,100.20,'CA','Irvine');
INSERT INTO us_invoice(id, invoice_date, part_number, invoice_total, state, city) VALUES (2,now(),12,200.20,'CALIFORNIA','APPLICATION');
INSERT INTO us_invoice(id, invoice_date, part_number, invoice_total, state, city) VALUES (3,now(),13,300.20,'expropriation','gurgaon');
 
CREATE TABLE us_invoice_data (id bigint(20) NOT NULL AUTO_INCREMENT, invoice_date datetime DEFAULT NULL, part_number bigint(20) DEFAULT NULL, invoice_total double(20,2) DEFAULT NULL,state varchar(255) DEFAULT NULL, city varchar(255) DEFAULT NULL, PRIMARY KEY (id));
INSERT INTO us_invoice_data(id, invoice_date, part_number, invoice_total, state, city) VALUES (1,now(),11,100.20,'CA','Irvine');
INSERT INTO us_invoice_data(id, invoice_date, part_number, invoice_total, state, city) VALUES (2,now(),12,200.20,'CA','gurgaon');
 
CREATE TABLE application_checklist (id bigint(20) NOT NULL AUTO_INCREMENT,invoice_date datetime DEFAULT NULL, part_number bigint(20) DEFAULT NULL,invoice_total double(20,2) DEFAULT NULL,state varchar(255) DEFAULT NULL, city varchar(255) DEFAULT NULL,PRIMARY KEY (id));
INSERT INTO application_checklist(id, invoice_date, part_number, invoice_total, state, city) VALUES (1,now(),11,100.20,'CALIFORNIA','abc');
INSERT INTO application_checklist(id, invoice_date, part_number, invoice_total, state, city) VALUES (2,now(),12,200.20,'CALIFORNIA','APPLICATION');

/*Sample for Email plug-in*/
INSERT INTO batch_class_email_configuration
(id, creation_date, last_modified, folder_name, password, server_name, server_type, username, batch_class_id) 
VALUES (1, now(), now(), 'inbox', 'test@123', 'pop.aol.com', 'pop3', 'ephesoft@aol.in', 1);

/*Sample for KV Page Process*/
INSERT INTO kv_page_process(id,creation_date,last_modified,key_pattern,location,value_pattern,batch_class_plugin_config_id) VALUES (1,now(),now(),'completed','TOP_LEFT','Please',115);
INSERT INTO kv_page_process(id,creation_date,last_modified,key_pattern,location,value_pattern,batch_class_plugin_config_id) VALUES (2,now(),now(),'checklist','TOP_RIGHT','prior',116);
INSERT INTO kv_page_process(id,creation_date,last_modified,key_pattern,location,value_pattern,batch_class_plugin_config_id) VALUES (5,now(),now(),'Belverly','BOTTOM','Irvine',115);
INSERT INTO kv_page_process(id,creation_date,last_modified,key_pattern,location,value_pattern,batch_class_plugin_config_id) VALUES (6,now(),now(),'completed','TOP_LEFT','Please',116);
INSERT INTO kv_page_process(id,creation_date,last_modified,key_pattern,location,value_pattern,batch_class_plugin_config_id) VALUES (8,now(),now(),'the','TOP','help',115);
INSERT INTO kv_page_process(id,creation_date,last_modified,key_pattern,location,value_pattern,batch_class_plugin_config_id) VALUES (9,now(),now(),'checklist','LEFT','completed',115);
INSERT INTO kv_page_process(id,creation_date,last_modified,key_pattern,location,value_pattern,batch_class_plugin_config_id) VALUES (10,now(),now(),'with','RIGHT','beneficial',115);
INSERT INTO kv_page_process(id,creation_date,last_modified,key_pattern,location,value_pattern,batch_class_plugin_config_id) VALUES (11,now(),now(),'deposit','BOTTOM_RIGHT','states',116);
INSERT INTO kv_page_process(id,creation_date,last_modified,key_pattern,location,value_pattern,batch_class_plugin_config_id) VALUES (12,now(),now(),'association','BOTTOM','set',116);
INSERT INTO kv_page_process(id,creation_date,last_modified,key_pattern,location,value_pattern,batch_class_plugin_config_id) VALUES (14,now(),now(),'association','BOTTOM','set',115);
INSERT INTO kv_page_process(id,creation_date,last_modified,key_pattern,location,value_pattern,batch_class_plugin_config_id) VALUES (15,now(),now(),'order','BOTTOM_LEFT','must',116);
INSERT INTO kv_page_process(id,creation_date,last_modified,key_pattern,location,value_pattern,batch_class_plugin_config_id) VALUES (17,now(),now(),'Pa*r*t','BOTTOM','998[0-9]{9}',115);
INSERT INTO kv_page_process(id,creation_date,last_modified,key_pattern,location,value_pattern,batch_class_plugin_config_id) VALUES (18,now(),now(),'Total','RIGHT','[0-9]{1,3},?[0-9]{1,3}\\S[0-9]{2}',115);
INSERT INTO kv_page_process(id,creation_date,last_modified,key_pattern,location,value_pattern,batch_class_plugin_config_id) VALUES (19,now(),now(),'Hills','BOTTOM_LEFT','CA|NY|AZ|NV|NJ',115);
INSERT INTO kv_page_process(id,creation_date,last_modified,key_pattern,location,value_pattern,batch_class_plugin_config_id) VALUES (20,now(),now(),'Belverly','BOTTOM','Irvine',116);
INSERT INTO kv_page_process(id,creation_date,last_modified,key_pattern,location,value_pattern,batch_class_plugin_config_id) VALUES (21,now(),now(),'Date','RIGHT','[0-9]{2}/[0-9]{2}/[0-9]{2,4}',115);
INSERT INTO kv_page_process(id,creation_date,last_modified,key_pattern,location,value_pattern,batch_class_plugin_config_id) VALUES (22,now(),now(),'Pa*r*t','BOTTOM','998[0-9]{9}',116);
INSERT INTO kv_page_process(id,creation_date,last_modified,key_pattern,location,value_pattern,batch_class_plugin_config_id) VALUES (23,now(),now(),'Total','RIGHT','[0-9]{1,3},?[0-9]{1,3}\\S[0-9]{2}',116);

/*Sample for vFBValidation*/
CREATE TABLE vFBValidation(file_id bigint(20) NOT NULL AUTO_INCREMENT,loan_number_value VARCHAR(255) NOT NULL,borrow_fullname VARCHAR(255) NOT NULL,cborrow_fullname VARCHAR(255) NOT NULL,PRIMARY KEY (file_id));
INSERT INTO vFBValidation(file_id, loan_number_value, borrow_fullname, cborrow_fullname) VALUES (1,'abc', 'abc,xyz', 'xyz,zbc');

update kv_page_process set no_of_words = 0 where no_of_words is null ;
update kv_extraction set no_of_words = 0 where no_of_words is null;